author,science_comments,denial_comments,total_comments,sci_ratio,bridge_type,mean_compound,n_comments
@brucefrykman8295,20,59,79,0.2531645569620253,denial-leaning,-0.2870352678489407,79
@RodMartinJr,8,69,77,0.1038961038961039,denial-leaning,0.015869309884963774,77
@HealingLifeKwikly,26,42,68,0.3823529411764705,balanced,-0.5349941173021978,68
@ricktd6891,57,8,65,0.8769230769230769,science-leaning,-0.7147482677039474,65
@rakooi,1,55,56,0.0178571428571428,denial-leaning,-0.5470717835027272,56
@AmericatheBeautiful-p4z,17,39,56,0.3035714285714285,balanced,-0.32633993138763195,56
@mrunning10,7,47,54,0.1296296296296296,denial-leaning,-0.7102437796352583,54
@swiftlytiltingplanet8481,8,45,53,0.1509433962264151,denial-leaning,-0.3864649809805556,53
@lrvogt1257,23,23,46,0.5,balanced,-0.5591318233260869,46
@boffeycn,25,17,42,0.5952380952380952,balanced,-0.5266870015852941,42
@stevewilson4321,1,40,41,0.024390243902439,denial-leaning,-0.7954250887500001,41
@enderwiggin1113,6,34,40,0.15,denial-leaning,-0.21255289315686274,40
@hosnimubarak8869,17,21,38,0.4473684210526316,balanced,-0.18984997162436973,38
@superstormthunder3,21,15,36,0.5833333333333334,balanced,-0.27949964683333334,36
@anthonymorris5084,12,21,33,0.3636363636363636,balanced,-0.2764467135375,33
@JJRM8,5,28,33,0.1515151515151515,denial-leaning,-0.25959630713571424,33
@Desertphile,6,27,33,0.1818181818181818,denial-leaning,-0.2688407034814815,33
@scottekoontz,27,6,33,0.8181818181818182,science-leaning,-0.4169431310555556,33
@spacescatatford,26,6,32,0.8125,science-leaning,-0.1649228203397436,32
@maxsordi,14,16,30,0.4666666666666667,balanced,-0.49821010910714286,30
@rps1689,7,23,30,0.2333333333333333,denial-leaning,-0.2235809264729814,30
@Jc-ms5vv,10,19,29,0.3448275862068966,balanced,-0.46026208089473686,29
@hanshansen3885,12,17,29,0.4137931034482758,balanced,-0.5277037695392157,29
@oldineamiller9007,13,15,28,0.4642857142857143,balanced,-0.3832295853076923,28
@peterjones4180,26,1,27,0.9629629629629628,science-leaning,-0.41742234367307696,27
@SigFigNewton,14,12,26,0.5384615384615384,balanced,-0.2656162158160714,26
@drkstrong,15,11,26,0.5769230769230769,balanced,-0.49815663972727275,26
@woodchipgardens9084,4,22,26,0.1538461538461538,denial-leaning,-0.4996032934727273,26
@RobertMJohnson,14,11,25,0.56,balanced,-0.3553601170357143,25
@simon6071,4,21,25,0.16,denial-leaning,-0.6067453592857143,25
@1000frolly,16,9,25,0.64,balanced,-0.2018303944375,25
@reuireuiop0,15,9,24,0.625,balanced,-0.16453457609444444,24
@C_R_O_M________,1,23,24,0.0416666666666666,denial-leaning,-0.34400497226086957,24
@boogathon,2,22,24,0.0833333333333333,denial-leaning,-0.2530122171363637,24
@garysarela4431,10,13,23,0.4347826086956521,balanced,-0.4808671186923077,23
@AtlasPro1,1,22,23,0.0434782608695652,denial-leaning,0.5903921112272728,23
@fredneecher1746,11,12,23,0.4782608695652174,balanced,-0.2939601233598485,23
@kayakMike1000,3,19,22,0.1363636363636363,denial-leaning,-0.4466279582456141,22
@TerraPotentia,4,18,22,0.1818181818181818,denial-leaning,-0.32934893663888887,22
@danzel1157,2,20,22,0.0909090909090909,denial-leaning,-0.08590815424999998,22
@TruthWizardX,19,3,22,0.8636363636363636,science-leaning,-0.006257876886842109,22
@RichardTavilla,7,15,22,0.3181818181818182,balanced,-0.5771889552857142,22
@CH-et4go,7,14,21,0.3333333333333333,balanced,-0.45620978914285715,21
@ClimateDN,8,13,21,0.3809523809523809,balanced,0.13772831784615383,21
@jimthain8777,7,14,21,0.3333333333333333,balanced,-0.16584442714285713,21
@ceeemm1901,8,13,21,0.3809523809523809,balanced,-0.13482004290865385,21
@pshehan1,1,20,21,0.0476190476190476,denial-leaning,-0.3945377753,21
@kimlibera663,6,15,21,0.2857142857142857,denial-leaning,-0.1726486201666667,21
@lorenzoblum868,15,6,21,0.7142857142857143,science-leaning,-0.39585297340000003,21
@albertjackinson,4,16,20,0.2,denial-leaning,0.1553894261875,20
@thomasmaughan4798,10,10,20,0.5,balanced,-0.3115416181,20
@geraldfrost4710,9,11,20,0.45,balanced,-0.2646517698282828,20
@klokoloko2114,11,9,20,0.55,balanced,-0.413388101969697,20
@Proemed44G,1,18,19,0.0526315789473684,denial-leaning,-0.6709391694444444,19
@bartroberts1514,5,13,18,0.2777777777777778,denial-leaning,-0.17302002549999998,18
@wheel-man5319,2,16,18,0.1111111111111111,denial-leaning,-0.50351979790625,18
@R-A-Clark,1,16,17,0.0588235294117647,denial-leaning,-0.0028349319375,17
@bobbobby3085,1,16,17,0.0588235294117647,denial-leaning,-0.15765224756250001,17
@BrentonSmythesfieldsaye,5,12,17,0.2941176470588235,denial-leaning,-0.4391472788333333,17
@eattherich1793,1,16,17,0.0588235294117647,denial-leaning,-0.7400484459375001,17
@climatecraze,12,5,17,0.7058823529411765,science-leaning,0.08787590616666668,17
@petewright4640,5,12,17,0.2941176470588235,denial-leaning,-0.33928239516666664,17
@kimweaver3323,5,11,16,0.3125,balanced,-0.44111546972727267,16
@EmeraldView,15,1,16,0.9375,science-leaning,-0.11143611456666666,16
@williamschlosser,3,12,15,0.2,denial-leaning,-0.3316494575,15
@mve6182,4,11,15,0.2666666666666666,denial-leaning,-0.2218722889318182,15
@jamespyke6764,7,8,15,0.4666666666666667,balanced,-0.5933873546428572,15
@etienne8110,11,4,15,0.7333333333333333,science-leaning,-0.7195690072727272,15
@besmart,8,7,15,0.5333333333333333,balanced,0.22819772345089287,15
@WadcaWymiaru,7,8,15,0.4666666666666667,balanced,-0.3255418417142857,15
@ge556,5,10,15,0.3333333333333333,balanced,-0.40741066145000004,15
@andrewcheadle948,11,4,15,0.7333333333333333,science-leaning,-0.6187324463181818,15
@altrag,2,13,15,0.1333333333333333,denial-leaning,-0.36143937592307696,15
@TheConstitutionFirst,14,1,15,0.9333333333333332,science-leaning,-0.5259652239285715,15
@johngeier8692,1,13,14,0.0714285714285714,denial-leaning,-0.41856623992307695,14
@vhawk1951kl,5,9,14,0.3571428571428571,balanced,-0.40836091202222224,14
@glidercoach,7,7,14,0.5,balanced,-0.4080207817142857,14
@liner011f7,5,9,14,0.3571428571428571,balanced,-0.553799253888889,14
@samlair3342,10,4,14,0.7142857142857143,science-leaning,-0.3259502436,14
@will7its,2,12,14,0.1428571428571428,denial-leaning,-0.1776660961666667,14
@LuxDiscendi,4,10,14,0.2857142857142857,denial-leaning,-0.08163149035000002,14
@kmoses582,4,10,14,0.2857142857142857,denial-leaning,-0.56469418215,14
@hg6996,2,12,14,0.1428571428571428,denial-leaning,-0.36144747316666664,14
@dongaetano3687,5,8,13,0.3846153846153846,balanced,0.61980100975,13
@terenceiutzi4003,7,6,13,0.5384615384615384,balanced,-0.4112771360952381,13
@douglasengle2704,6,7,13,0.4615384615384615,balanced,-0.2722120271642857,13
@Emppu_T.,9,4,13,0.6923076923076923,balanced,-0.2136135565,13
@BillyTheKidCENTURION,3,10,13,0.2307692307692307,denial-leaning,-0.4709066203333333,13
@pilafmon,1,12,13,0.0769230769230769,denial-leaning,-0.5944650095833334,13
@peterh5165,7,6,13,0.5384615384615384,balanced,-0.3401405833809524,13
@peternagel-er7ly,1,12,13,0.0769230769230769,denial-leaning,-0.55092158125,13
@nae-nae-99,4,9,13,0.3076923076923077,balanced,-0.20543508161111113,13
@Cambyses1467,8,5,13,0.6153846153846154,balanced,-0.57931317315625,13
@Tequima,10,3,13,0.7692307692307693,science-leaning,-0.3110592361833333,13
@biggav7434,9,4,13,0.6923076923076923,balanced,-0.5941653305722222,13
@bighands69,6,7,13,0.4615384615384615,balanced,-0.25014977290476187,13
@ConfidentlyUninformed,5,7,12,0.4166666666666667,balanced,0.32684439925714287,12
@thebritishbookworm2649,1,11,12,0.0833333333333333,denial-leaning,0.41355038954545453,12
@oldgoat142,4,8,12,0.3333333333333333,balanced,-0.09542189937500002,12
@spillarge,7,5,12,0.5833333333333334,balanced,-0.5261191115714285,12
@penguinuprighter6231,6,6,12,0.5,balanced,-0.03177793749999998,12
@trader2137,1,11,12,0.0833333333333333,denial-leaning,-0.3740060976818182,12
@budbud2509,3,9,12,0.25,denial-leaning,-0.36204376000000005,12
@dasGagaTier,2,10,12,0.1666666666666666,denial-leaning,-0.38302985575,12
@danilooliveira6580,1,11,12,0.0833333333333333,denial-leaning,-0.4973291075909091,12
@yasi4877,4,7,11,0.3636363636363636,balanced,-0.4266473325,11
@jamisojo,1,10,11,0.0909090909090909,denial-leaning,-0.7099654774999999,11
@miked5106,4,7,11,0.3636363636363636,balanced,-0.1651503041589286,11
@stevem8318,8,3,11,0.7272727272727273,science-leaning,-0.1499292042291667,11
@billymcnomates7764,10,1,11,0.9090909090909092,science-leaning,0.1495313205,11
@Thomas-gk42,1,10,11,0.0909090909090909,denial-leaning,0.35998799295,11
@DrachenGothik666,1,10,11,0.0909090909090909,denial-leaning,-0.5041292192,11
@manoo422,6,5,11,0.5454545454545454,balanced,-0.49505804249999996,11
@Cspacecat,6,5,11,0.5454545454545454,balanced,-0.08309573666666667,11
@SteveSmith-fh6br,1,10,11,0.0909090909090909,denial-leaning,-0.250933393,11
@christinearmington,10,1,11,0.9090909090909092,science-leaning,0.202828971,11
@decimusrex92,10,1,11,0.9090909090909092,science-leaning,-0.5327762255,11
@Ironic1950,3,7,10,0.3,balanced,-0.055692893259523785,10
@MaximeNoël-c7j,4,6,10,0.4,balanced,-0.33906051975,10
@andydunn5673,1,9,10,0.1,denial-leaning,0.10623690221666666,10
@johnsergei,3,7,10,0.3,balanced,-0.3593159587738095,10
@billyjoesmo8251,9,1,10,0.9,science-leaning,-0.052988324777777776,10
@chrishaven1489,8,2,10,0.8,science-leaning,-0.46098725625,10
@joemonroe9456,2,8,10,0.2,denial-leaning,-0.13907822425,10
@abloogywoogywoo,2,8,10,0.2,denial-leaning,-0.61542543125,10
@someguy2135,7,3,10,0.7,balanced,-0.048405265428571424,10
@RussCR5187,1,9,10,0.1,denial-leaning,-0.4900982338888889,10
@karolinahagegard,8,2,10,0.8,science-leaning,0.15207882012499999,10
@OldScientist,5,5,10,0.5,balanced,-0.14144132259999997,10
@nenmaster5218,4,6,10,0.4,balanced,0.2809729454166667,10
@nyali2,4,6,10,0.4,balanced,-0.3882690501666667,10
@jrjohnryanjr,4,6,10,0.4,balanced,-0.13051318154166666,10
@rodkeh,7,3,10,0.7,balanced,-0.5861023607142857,10
@tvuser9529,5,5,10,0.5,balanced,-0.011632582099999997,10
@AlsanPine,7,3,10,0.7,balanced,-0.6943809304761905,10
@tuckerbugeater,7,3,10,0.7,balanced,-0.6793267028809524,10
@ika5666,1,8,9,0.1111111111111111,denial-leaning,-0.8436675525,9
@a.randomjack6661,4,5,9,0.4444444444444444,balanced,0.027254044000000005,9
@libertyforever4270,3,6,9,0.3333333333333333,balanced,-0.23326239166666668,9
@dr_shrinker,4,5,9,0.4444444444444444,balanced,-0.5395104687500001,9
@kurzgesagt,4,5,9,0.4444444444444444,balanced,0.9345338795,9
@nikitaw1982,1,8,9,0.1111111111111111,denial-leaning,0.33864897293749996,9
@nrqed,1,8,9,0.1111111111111111,denial-leaning,-0.7073938424999999,9
@TheCountess666,3,6,9,0.3333333333333333,balanced,-0.483709395,9
@Sivah_Akash,8,1,9,0.8888888888888888,science-leaning,0.134329402625,9
@roberthicks1612,8,1,9,0.8888888888888888,science-leaning,-0.483539615,9
@michaelrch,3,6,9,0.3333333333333333,balanced,-0.4672720408333333,9
@phil20_20,8,1,9,0.8888888888888888,science-leaning,-0.16217671781249998,9
@darylfoster7944,2,7,9,0.2222222222222222,denial-leaning,-0.2730489445,9
@philipm3173,8,1,9,0.8888888888888888,science-leaning,-0.595650205,9
@tuberroot1112,2,7,9,0.2222222222222222,denial-leaning,-0.6550799135714286,9
@MrMezmerized,1,8,9,0.1111111111111111,denial-leaning,-0.3493727225,9
@MrOTLChamp,8,1,9,0.8888888888888888,science-leaning,0.051251777624999995,9
@gandolfthewhite,1,8,9,0.1111111111111111,denial-leaning,-0.8079031750000001,9
@portfolio91,4,5,9,0.4444444444444444,balanced,-0.3092604457,9
@OldJackWolf,5,4,9,0.5555555555555556,balanced,-0.15180970100000002,9
@earldecker7760,2,7,9,0.2222222222222222,denial-leaning,-0.4410126069285714,9
@freedomforlove101,5,4,9,0.5555555555555556,balanced,-0.6035547485,9
@mafarmerga,3,6,9,0.3333333333333333,balanced,0.30649841991666665,9
@hg2.,6,3,9,0.6666666666666666,balanced,-0.43954975166666665,9
@20-Foot-Anaconda,8,1,9,0.8888888888888888,science-leaning,-0.322630827625,9
@mathboy8188,1,8,9,0.1111111111111111,denial-leaning,0.13550410749999997,9
@metaldetektordk,3,6,9,0.3333333333333333,balanced,0.8652819075,9
@jayejaycurry5485,6,3,9,0.6666666666666666,balanced,-0.4647982574166667,9
@-LightningRod-,6,2,8,0.75,science-leaning,-0.2617365294166667,8
@Alexander_Kale,5,3,8,0.625,balanced,-0.3365606533333333,8
@jeffreyluciana8711,5,3,8,0.625,balanced,-0.07892035466666666,8
@robertdouglas8895,7,1,8,0.875,science-leaning,-0.4508882864285714,8
@roberthicks5454,2,6,8,0.25,denial-leaning,-0.4093513753333333,8
@thurmanzhou1304,3,5,8,0.375,balanced,-0.18816638400000005,8
@kein_indianer,1,7,8,0.125,denial-leaning,-0.030095914999999973,8
@Woltato,3,5,8,0.375,balanced,-0.5012818219999999,8
@volkerengels5298,6,2,8,0.75,science-leaning,-0.35589215966666665,8
@nsbd90now,5,3,8,0.625,balanced,0.01728110599999999,8
@gehwissen3975,7,1,8,0.875,science-leaning,-0.42761988957142855,8
@ralphholiman7401,7,1,8,0.875,science-leaning,-0.5299494004285714,8
@johanponken,2,6,8,0.25,denial-leaning,-0.3679469006666667,8
@denisdaly1708,3,5,8,0.375,balanced,-0.3475910223333334,8
@richarddobreny6664,3,5,8,0.375,balanced,-0.1879244762316667,8
@incognitotorpedo42,5,3,8,0.625,balanced,-0.37849014833333333,8
@michaeldeierhoi4096,1,7,8,0.125,denial-leaning,-0.2081953727857143,8
@proudhon100,1,7,8,0.125,denial-leaning,-0.10736656685714287,8
@Crispr_CAS9,2,6,8,0.25,denial-leaning,-0.6715782674999999,8
@adrianthoroughgood1191,4,4,8,0.5,balanced,-0.41672387200000005,8
@ambientcarrot,4,4,8,0.5,balanced,-0.33576467449999997,8
@dtz1000,6,2,8,0.75,science-leaning,-0.2189868783333333,8
@drunkenhobo5039,2,6,8,0.25,denial-leaning,-0.3424955741666667,8
@QT5656,5,3,8,0.625,balanced,-0.2020407349333333,8
@albin4323,3,5,8,0.375,balanced,-0.39372764633333335,8
@17MrLeon,5,2,7,0.7142857142857143,science-leaning,-0.5971151664000001,7
@peetsnort,6,1,7,0.8571428571428571,science-leaning,-0.18224355068166667,7
@ddoumeche,2,5,7,0.2857142857142857,denial-leaning,-0.24507098684999998,7
@frede1905,1,6,7,0.1428571428571428,denial-leaning,-0.407374347,7
@thoutube9522,6,1,7,0.8571428571428571,science-leaning,0.28750676383333335,7
@itsmorphed6416,6,1,7,0.8571428571428571,science-leaning,-0.154863064,7
@cdmarshall7448,6,1,7,0.8571428571428571,science-leaning,-0.5038605285,7
@thomasmartin406,6,1,7,0.8571428571428571,science-leaning,-0.09778774666666668,7
@baneverything5580,4,3,7,0.5714285714285714,balanced,-0.5141802295833333,7
@outbackeddie,1,6,7,0.1428571428571428,denial-leaning,-0.2819595233333333,7
@BrianBellia,1,6,7,0.1428571428571428,denial-leaning,0.2728936141666667,7
@johnchandler1687,1,6,7,0.1428571428571428,denial-leaning,-0.159056295,7
@Mystery_Man_ML,3,4,7,0.4285714285714285,balanced,-0.41197659249999996,7
@justmenotyou3151,6,1,7,0.8571428571428571,science-leaning,-0.724693805,7
@CarlZimmerJung,5,2,7,0.7142857142857143,science-leaning,-0.3122342305,7
@davidprimeau3368,1,6,7,0.1428571428571428,denial-leaning,-0.15567250333333335,7
@SeraphsWitness,1,6,7,0.1428571428571428,denial-leaning,0.334568255,7
@j.kaimori3848,3,4,7,0.4285714285714285,balanced,-0.17911135333333333,7
@ProPexPup,5,2,7,0.7142857142857143,science-leaning,-0.176359119,7
@evets1709,1,6,7,0.1428571428571428,denial-leaning,-0.031223,7
@SaveMoneySavethePlanet,2,5,7,0.2857142857142857,denial-leaning,-0.498695807,7
@markmuller7962,1,6,7,0.1428571428571428,denial-leaning,-0.3639570091666667,7
@RedXlV,1,6,7,0.1428571428571428,denial-leaning,-0.5328112029166666,7
@archstanton_live,1,6,7,0.1428571428571428,denial-leaning,-0.22403781666666667,7
@europaeuropa3673,3,4,7,0.4285714285714285,balanced,-0.38221941966666667,7
@tomtetomtesson2477,1,6,7,0.1428571428571428,denial-leaning,-0.49787735916666664,7
@Debbie-henri,3,4,7,0.4285714285714285,balanced,-0.10879874941666666,7
@Entropic0,1,6,7,0.1428571428571428,denial-leaning,-0.234638055,7
@dylaninnes8541,2,5,7,0.2857142857142857,denial-leaning,-0.523947524,7
@TheTeaParty320,3,4,7,0.4285714285714285,balanced,0.32278765666666664,7
@ZennExile,6,1,7,0.8571428571428571,science-leaning,-0.5303700458333334,7
@WiseandVegan,5,2,7,0.7142857142857143,science-leaning,0.8166545980000001,7
@terencejay8845,4,3,7,0.5714285714285714,balanced,-0.5793579270833333,7
@maxxwellbeing9449,6,1,7,0.8571428571428571,science-leaning,-0.4773932525,7
@mikeharrington5593,5,2,7,0.7142857142857143,science-leaning,-0.330500715,7
@WSmith_1984,2,5,7,0.2857142857142857,denial-leaning,-0.3349877157,7
@KingComputerSydney,2,5,7,0.2857142857142857,denial-leaning,-0.30024593706,7
@donkloos9078,2,5,7,0.2857142857142857,denial-leaning,0.012338007500000005,7
@andrewclark3236,5,2,7,0.7142857142857143,science-leaning,0.258300784,7
@williambaikie5739,2,5,7,0.2857142857142857,denial-leaning,-0.337008698,7
@shealdedmon7027,6,1,7,0.8571428571428571,science-leaning,-0.4401684475,7
@stoodmuffinpersonal3144,6,1,7,0.8571428571428571,science-leaning,-0.5442418824999999,7
@Jacob-ks4mu,6,1,7,0.8571428571428571,science-leaning,-0.42247705516666667,7
@wlhgmk,5,2,7,0.7142857142857143,science-leaning,-0.31427867600000003,7
@scottclay4253,3,4,7,0.4285714285714285,balanced,0.7391370620833333,7
@Tengooda,1,6,7,0.1428571428571428,denial-leaning,-0.3782959014166667,7
@sedonars1,5,2,7,0.7142857142857143,science-leaning,-0.5061375935,7
@glenbard657,1,6,7,0.1428571428571428,denial-leaning,-0.3789785041666667,7
@canemcave,6,1,7,0.8571428571428571,science-leaning,-0.11391726991666666,7
@gedofgont1006,1,6,7,0.1428571428571428,denial-leaning,-0.37440031333333335,7
@scottsrfun,1,6,7,0.1428571428571428,denial-leaning,-0.6798159404166667,7
@aeroearth,3,4,7,0.4285714285714285,balanced,0.07555434499999998,7
@kirklaird8345,3,4,7,0.4285714285714285,balanced,-0.46246492066666667,7
@jjoohhhnn,3,4,7,0.4285714285714285,balanced,-0.6987386433333334,7
@loturzelrestaurant,3,3,6,0.5,balanced,-0.029650983500000005,6
@Regretr1,2,4,6,0.3333333333333333,balanced,-0.17311916500000002,6
@bobmester3475,3,3,6,0.5,balanced,0.306933155,6
@tr7b410,4,2,6,0.6666666666666666,balanced,-0.15803362312499997,6
@ab9957,5,1,6,0.8333333333333334,science-leaning,-0.05589207710000001,6
@bipolatelly9806,4,2,6,0.6666666666666666,balanced,-0.57562784,6
@OJTPhD,2,4,6,0.3333333333333333,balanced,-0.603905255,6
@michaelschiessl8357,4,2,6,0.6666666666666666,balanced,0.32560879,6
@lotoreo,5,1,6,0.8333333333333334,science-leaning,-0.806181109,6
@fuzzywzhe,2,4,6,0.3333333333333333,balanced,-0.608524355,6
@christophercharles3169,4,2,6,0.6666666666666666,balanced,-0.57334307625,6
@Ominousheat,5,1,6,0.8333333333333334,science-leaning,-0.5222612719999999,6
@marksmith4346,1,5,6,0.1666666666666666,denial-leaning,-0.65820725,6
@Stupidityindex,2,4,6,0.3333333333333333,balanced,-0.4275956675,6
@mrradman2986,2,4,6,0.3333333333333333,balanced,-0.39312791375,6
@Rnankn,5,1,6,0.8333333333333334,science-leaning,-0.682596136,6
@philwilson609,3,3,6,0.5,balanced,-0.4769097661666667,6
@SteveLomas-k6k,2,4,6,0.3333333333333333,balanced,-0.01173476000000001,6
@oakfat5178,4,2,6,0.6666666666666666,balanced,-0.10607760374999997,6
@cageybee7221,2,4,6,0.3333333333333333,balanced,-0.5686936665,6
@SimonClark,4,2,6,0.6666666666666666,balanced,0.155662325,6
@urbanstrencan,3,3,6,0.5,balanced,0.616023645,6
@TennesseeJed,4,2,6,0.6666666666666666,balanced,-0.04086471375000002,6
@harrymills2770,1,5,6,0.1666666666666666,denial-leaning,-0.26294644,6
@nicolatesla5786,4,2,6,0.6666666666666666,balanced,-0.3817416022,6
@Bushman9,3,3,6,0.5,balanced,-0.5808266799999999,6
@BythepeopleForthepeople203,5,1,6,0.8333333333333334,science-leaning,0.18483153600000002,6
@55Quirll,2,4,6,0.3333333333333333,balanced,-0.44728173000000004,6
@mudslinger888,4,2,6,0.6666666666666666,balanced,-0.42408537675,6
@gardengnome3249,1,5,6,0.1666666666666666,denial-leaning,-0.11482372700000001,6
@RosscoAW,2,4,6,0.3333333333333333,balanced,-0.5398524,6
@benchapple1583,3,3,6,0.5,balanced,-0.47963616499999995,6
@62Sketch,2,4,6,0.3333333333333333,balanced,-0.5014917776,6
@primpal08,3,3,6,0.5,balanced,-0.05847885966666666,6
@MinusEighty,5,1,6,0.8333333333333334,science-leaning,-0.778967095,6
@JeffBilkins,2,4,6,0.3333333333333333,balanced,-0.44916916632500004,6
@timbushell8640,2,4,6,0.3333333333333333,balanced,-0.41492511499999996,6
@thepope2412,5,1,6,0.8333333333333334,science-leaning,-0.39391321799999995,6
@sixvee5147,4,2,6,0.6666666666666666,balanced,0.64076279,6
@jamesesselman283,4,2,6,0.6666666666666666,balanced,-0.670665925,6
@thefleecer3673,2,4,6,0.3333333333333333,balanced,0.18869338125,6
@firewizzard86,5,1,6,0.8333333333333334,science-leaning,0.1447885,6
@steve-r-collier,3,3,6,0.5,balanced,-0.16838865166666667,6
@jeromejerome2492,2,4,6,0.3333333333333333,balanced,-0.29764629600000003,6
@GonzoFumbleficker,3,3,6,0.5,balanced,-0.66161475,6
@johnvoelker4345,3,3,6,0.5,balanced,-0.34799984433333336,6
@LarryCleveland,4,2,6,0.6666666666666666,balanced,-0.28192465125,6
@jamesdellaneve9005,2,4,6,0.3333333333333333,balanced,-0.2979989522,6
@electronresonator8882,5,1,6,0.8333333333333334,science-leaning,-0.687205166,6
@stevenwiederholt7000,4,2,6,0.6666666666666666,balanced,-0.33403114375,6
@DarthVaderfr,2,4,6,0.3333333333333333,balanced,-0.1644182525,6
@Ninjaeule97,2,4,6,0.3333333333333333,balanced,-0.3984951,6
@jordapen,4,2,6,0.6666666666666666,balanced,-0.081110514375,6
@NapoleonGelignite,1,5,6,0.1666666666666666,denial-leaning,-0.12462058,6
@jimr5855,1,5,6,0.1666666666666666,denial-leaning,0.66237943103,6
@svenweihusen57,2,4,6,0.3333333333333333,balanced,-0.122579585425,6
@scenicalpinedrives,4,2,6,0.6666666666666666,balanced,0.222610525,6
@JoeZorzin,2,4,6,0.3333333333333333,balanced,-0.19708838750000002,6
@rvdb8876,1,5,6,0.1666666666666666,denial-leaning,-0.028615291,6
@Deebz270,3,3,6,0.5,balanced,-0.3314040071666667,6
@tealkerberus748,3,3,6,0.5,balanced,-0.268342835,6
@FelipeKana1,4,2,6,0.6666666666666666,balanced,-0.12639766875,6
@Ethan.Lamoureux,4,2,6,0.6666666666666666,balanced,-0.17779593285,6
@my1vice,1,4,5,0.2,denial-leaning,-0.6421177175,5
@TX-dy4ef,3,2,5,0.6,balanced,-0.5642420083333333,5
@therobbieunited,2,3,5,0.4,balanced,-0.4314976075,5
@Alex-cw3rz,3,2,5,0.6,balanced,-0.15501879416666664,5
@iamthinking2252_,3,2,5,0.6,balanced,-0.06776278658333335,5
@thesprinklerguy2598,2,3,5,0.4,balanced,-0.5656087991666667,5
@devils_advocate_88,1,4,5,0.2,denial-leaning,0.17835544249999996,5
@Arisaem,1,4,5,0.2,denial-leaning,-0.6863937474999999,5
@AstrumEarth,2,3,5,0.4,balanced,0.6169386416666667,5
@theultimatereductionist7592,2,3,5,0.4,balanced,-0.6097088866666667,5
@nigelliam153,1,4,5,0.2,denial-leaning,-0.115647217475,5
@JW4REnvironment,1,4,5,0.2,denial-leaning,0.55642854,5
@nopers369,4,1,5,0.8,science-leaning,-0.37092807375,5
@Unsensitive,3,2,5,0.6,balanced,-0.37064000333333336,5
@westlands703,2,3,5,0.4,balanced,-0.06967559208333335,5
@Jameswoodgo,3,2,5,0.6,balanced,0.05088743116666667,5
@dks13827,2,3,5,0.4,balanced,-0.4593813583333333,5
@jimmyfortrue3741,4,1,5,0.8,science-leaning,-0.7346828375000001,5
@whatelseison8970,3,2,5,0.6,balanced,-0.31827434083333334,5
@NoWay1969,1,4,5,0.2,denial-leaning,-0.291637273575,5
@winterrain1947,1,4,5,0.2,denial-leaning,-0.5968810149999999,5
@GazGuitarz,3,2,5,0.6,balanced,-0.7044109656666666,5
@astrumspace,1,4,5,0.2,denial-leaning,0.41070623,5
@tbl268,3,2,5,0.6,balanced,0.209786606,5
@markrowley8177,2,3,5,0.4,balanced,-0.23862796416666665,5
@jasonlarsen4945,1,4,5,0.2,denial-leaning,0.273125635,5
@benru22,1,4,5,0.2,denial-leaning,-0.163688112,5
@erickort1987,2,3,5,0.4,balanced,0.5476164058333333,5
@anguscampbell1533,1,4,5,0.2,denial-leaning,0.028808442,5
@elli003,4,1,5,0.8,science-leaning,-0.0005319137500000015,5
@egoncorneliscallery9535,3,2,5,0.6,balanced,0.3356719591666667,5
@globalwarming382,3,2,5,0.6,balanced,-0.6213451316666666,5
@GaryR55,2,3,5,0.4,balanced,-0.17955172416666665,5
@amiava4213,3,2,5,0.6,balanced,-0.05629509841666666,5
@bigverybadtom,3,2,5,0.6,balanced,-0.3438594991666667,5
@leialee6820,4,1,5,0.8,science-leaning,0.53761921,5
@Gmetherman,1,4,5,0.2,denial-leaning,-0.76948999625,5
@janklaas6885,2,3,5,0.4,balanced,-0.6311449650000001,5
@DutchStar,1,4,5,0.2,denial-leaning,-0.07653697499999998,5
@homewall744,1,4,5,0.2,denial-leaning,-0.4195128875,5
@michaelschuler7397,3,2,5,0.6,balanced,-0.5838823966666666,5
@tftftf,1,4,5,0.2,denial-leaning,-0.7102638525,5
@wrath276,3,2,5,0.6,balanced,-0.1034574565,5
@wolfgangpreier9160,1,4,5,0.2,denial-leaning,-0.6667868050000001,5
@Killbayne,1,4,5,0.2,denial-leaning,-0.4392429635,5
@sodalitia,2,3,5,0.4,balanced,-0.1834821096666667,5
@snuffeldjuret,2,3,5,0.4,balanced,-0.21454259333333336,5
@georgesimon1760,1,4,5,0.2,denial-leaning,-0.32689834900000003,5
@KD-cg9iq,1,4,5,0.2,denial-leaning,-0.456563775,5
@--Paws--,1,4,5,0.2,denial-leaning,-0.287277153,5
@Robert_McGarry_Poems,2,3,5,0.4,balanced,0.2251954825,5
@DWPlanetA,4,1,5,0.8,science-leaning,0.647097775,5
@PaulaTourville-po7fg,3,2,5,0.6,balanced,-0.525981625,5
@SelfSustainableCity,4,1,5,0.8,science-leaning,0.2032079175,5
@robertjanicki5906,2,3,5,0.4,balanced,0.4473788865,5
@davestagner,3,2,5,0.6,balanced,0.3398120435,5
@EnvironmentalCoffeehouse,2,3,5,0.4,balanced,0.05933670000000002,5
@turbochicken80,3,2,5,0.6,balanced,-0.20752010833333334,5
@CHMichael,2,3,5,0.4,balanced,-0.31233118199166665,5
@Meekseek,3,2,5,0.6,balanced,-0.5109464216666667,5
@chicxulub2947,1,4,5,0.2,denial-leaning,-0.49413563875,5
@SabineHossenfelder,3,2,5,0.6,balanced,0.18864350166666666,5
@Dan-l2y2r,4,1,5,0.8,science-leaning,-0.32470079500000004,5
@christianlibertarian5488,4,1,5,0.8,science-leaning,-0.70490715875,5
@robertmarmaduke9721,1,4,5,0.2,denial-leaning,-0.56898081,5
@kimwarburton8490,1,4,5,0.2,denial-leaning,-0.5905078300000001,5
@richardconnelly7141,3,2,5,0.6,balanced,-0.322095485,5
@MrDavidBFoster,3,2,5,0.6,balanced,0.16317170633333333,5
@DHD-p4v,3,2,5,0.6,balanced,-0.47832577833333334,5
@MrLoobu,3,2,5,0.6,balanced,-0.40529361,5
@CarlosOddone-z6k,4,1,5,0.8,science-leaning,0.17372410662499999,5
@potholer54,3,2,5,0.6,balanced,-0.14963624916666665,5
@criticalbiker1273,1,4,5,0.2,denial-leaning,0.04317544275000001,5
@trevormarr8379,1,4,5,0.2,denial-leaning,0.039007821250000005,5
@DANGJOS,1,4,5,0.2,denial-leaning,-0.15408814,5
@kameronbriggs235,3,2,5,0.6,balanced,-0.12296684316666666,5
@PaulBowman-y1r,1,4,5,0.2,denial-leaning,-0.46563041250000003,5
@Pecisk,2,3,5,0.4,balanced,-0.5568683258333333,5
@kenvandeburgt1232,3,2,5,0.6,balanced,-0.21212703249999998,5
@freedomruss,3,2,5,0.6,balanced,-0.33404552583333336,5
@vigilantcosmicpenguin8721,2,3,5,0.4,balanced,-0.15499691249999997,5
@savedfaves,2,3,5,0.4,balanced,-0.15539671916666667,5
@rRekko,3,2,5,0.6,balanced,-0.047700731666666635,5
@kenwoodburn7438,2,3,5,0.4,balanced,-0.26542832008333334,5
@CougarDoomer,2,3,5,0.4,balanced,-0.6524655521666667,5
@carlstephens1532,2,3,5,0.4,balanced,-0.5899467383333333,5
@Mythhammer,1,4,5,0.2,denial-leaning,-0.34567023124999996,5
@Leafsdude_,3,2,5,0.6,balanced,-0.612197695,5
@Briggsian,2,3,5,0.4,balanced,-0.34616858166666664,5
@remcovanek2,4,1,5,0.8,science-leaning,-0.5700604545000001,5
@robertwadas,1,4,5,0.2,denial-leaning,0.23651569725000002,5
@Pacdoc-Oz,4,1,5,0.8,science-leaning,0.029174681249999987,5
@robotnoir5299,3,2,5,0.6,balanced,-0.30789104666666667,5
@kenmarriott5772,4,1,5,0.8,science-leaning,-0.460111513125,5
@DaveE99,1,4,5,0.2,denial-leaning,-0.16323989675,5
@MCshlthead,2,3,5,0.4,balanced,-0.35044538000000003,5
@johndaddyo444,1,4,5,0.2,denial-leaning,-0.12416924712499999,5
@craigwiggins253,3,1,4,0.75,science-leaning,0.9579154333333334,4
@jr1648,1,3,4,0.25,denial-leaning,-0.6865599099999999,4
@conormcmenemie5126,2,2,4,0.5,balanced,-0.50370702425,4
@gsully_69,1,3,4,0.25,denial-leaning,-0.8350036483333334,4
@jeffjests2764,1,3,4,0.25,denial-leaning,-0.6158454288333333,4
@jeffbenton6183,2,2,4,0.5,balanced,-0.40427700425,4
@critiqueofthegothgf,2,2,4,0.5,balanced,0.11288551000000002,4
@bernzeppi,3,1,4,0.75,science-leaning,0.03295169599999999,4
@louisholmes6961,2,2,4,0.5,balanced,-0.20582556999999999,4
@j.w.r3730,2,2,4,0.5,balanced,-0.1289405275,4
@jp4431,1,3,4,0.25,denial-leaning,-0.38255294166666665,4
@goodbeans5,2,2,4,0.5,balanced,-0.250585715,4
@madshorn5826,3,1,4,0.75,science-leaning,-0.28264965,4
@jean6453,2,2,4,0.5,balanced,-0.3267000375,4
@juzeus9,2,2,4,0.5,balanced,-0.50392237,4
@jbaggaz,2,2,4,0.5,balanced,-0.2530933675,4
@crazyworldlarue8388,3,1,4,0.75,science-leaning,0.44067212,4
@jayday545,2,2,4,0.5,balanced,-0.4829393375,4
@harrydecker8731,2,2,4,0.5,balanced,0.018200398750000013,4
@joedon1706,1,3,4,0.25,denial-leaning,-0.163664175,4
@glenndavis4452,2,2,4,0.5,balanced,-0.385918,4
@dougcard5241,2,2,4,0.5,balanced,-0.867394635,4
@gbuz5789,2,2,4,0.5,balanced,-0.20925578425,4
@frankenz66,2,2,4,0.5,balanced,-0.683434655,4
@carlbrenninkmeijer8925,2,2,4,0.5,balanced,-0.04330541400000002,4
@deepashtray5605,3,1,4,0.75,science-leaning,-0.33204037233333333,4
@gene-fd4xg,1,3,4,0.25,denial-leaning,0.9380356416666666,4
@coolramone,1,3,4,0.25,denial-leaning,-0.26774315833333334,4
@joeking1019,2,2,4,0.5,balanced,-0.39221401825,4
@australienski6687,1,3,4,0.25,denial-leaning,0.2139331505,4
@ignaciocasodedios3184,2,2,4,0.5,balanced,0.12988328500000001,4
@brooksanderson2599,1,3,4,0.25,denial-leaning,-0.06492753866666669,4
@dkvikingkd233,1,3,4,0.25,denial-leaning,-0.765075105,4
@geoffreytoomey682,1,3,4,0.25,denial-leaning,-0.35999326666666664,4
@kruse8888,2,2,4,0.5,balanced,-0.37590464,4
@donkey1271,3,1,4,0.75,science-leaning,0.012242313333333338,4
@leeuniverse,2,2,4,0.5,balanced,-0.16962091,4
@hime273,2,2,4,0.5,balanced,-0.8379517249999999,4
@keepitreal2902,2,2,4,0.5,balanced,-0.48809047,4
@jameseames4754,3,1,4,0.75,science-leaning,0.11906345500000004,4
@dougpatterson7494,1,3,4,0.25,denial-leaning,-0.3169640983333333,4
@downtoearth1950,2,2,4,0.5,balanced,-0.54456404,4
@karlostj4683,2,2,4,0.5,balanced,-0.677903675,4
@johnj4Clim8,2,2,4,0.5,balanced,0.152697995,4
@chrisconklin2981,1,3,4,0.25,denial-leaning,0.132614585,4
@jim7634,1,3,4,0.25,denial-leaning,-0.6715549350000001,4
@gingef5197,2,2,4,0.5,balanced,-0.03958009500000001,4
@fellinuxvi3541,2,2,4,0.5,balanced,-0.645383875,4
@ducthman4737,2,2,4,0.5,balanced,-0.636987155,4
@karenfrenchvanilla,3,1,4,0.75,science-leaning,-0.548802235,4
@johnnyllooddte3415,3,1,4,0.75,science-leaning,0.27078176666666665,4
@echelonrank3927,3,1,4,0.75,science-leaning,-0.2656763661666667,4
@klaasdykstra8127,2,2,4,0.5,balanced,-0.7424679075,4
@hagerty1952,3,1,4,0.75,science-leaning,-0.39932028,4
@philipoakley5498,2,2,4,0.5,balanced,-0.448871655,4
@romanpolanski4928,2,2,4,0.5,balanced,-0.2909250415,4
@thomasneal9291,1,3,4,0.25,denial-leaning,-0.7313064883333333,4
@peterweissmann7794,1,3,4,0.25,denial-leaning,0.15775692333333335,4
@LabGecko,3,1,4,0.75,science-leaning,-0.65830459,4
@stormytrails,2,2,4,0.5,balanced,0.6595275365,4
@transsylvanian9100,3,1,4,0.75,science-leaning,-0.46104033083333334,4
@rumples2698,1,3,4,0.25,denial-leaning,-0.75582145,4
@Kenneth-ts7bp,3,1,4,0.75,science-leaning,-0.31459617333333334,4
@ShopBH-n8d,2,2,4,0.5,balanced,0.4756766825,4
@Chino780,1,3,4,0.25,denial-leaning,0.6087267233333333,4
@troothcentral-qz9pz,1,3,4,0.25,denial-leaning,-0.0612603575,4
@tuoratoo,3,1,4,0.75,science-leaning,-0.049563908500000003,4
@pattybaselines,2,2,4,0.5,balanced,0.05379724125,4
@patrick247two,3,1,4,0.75,science-leaning,-0.1747312445,4
@BufordTGleason,2,2,4,0.5,balanced,-0.06624217500000001,4
@KeizerPaPa,2,2,4,0.5,balanced,0.04051045675000001,4
@FrederikFalk21,3,1,4,0.75,science-leaning,-0.40947700833333334,4
@KateeAngel,2,2,4,0.5,balanced,-0.38500532000000004,4
@oldmanfromscenetwentyfour8164,3,1,4,0.75,science-leaning,-0.4421965116666666,4
@BradThePitts,1,3,4,0.25,denial-leaning,-0.6969969166666666,4
@Bookhermit,2,2,4,0.5,balanced,-0.8930253699999999,4
@richardhuzzey1294,2,2,4,0.5,balanced,-0.28829430749999996,4
@LecherousLizard,2,2,4,0.5,balanced,-0.56176527,4
@Richard482,2,2,4,0.5,balanced,-0.17913598,4
@nyoodmono4681,3,1,4,0.75,science-leaning,-0.5282026533333333,4
@planefan082,1,3,4,0.25,denial-leaning,-0.6075268966666667,4
@EmilyJelassi,2,2,4,0.5,balanced,0.8346410900000001,4
@MrRobtwothirds,1,3,4,0.25,denial-leaning,0.18221898166666667,4
@Michael-hm8cs,2,2,4,0.5,balanced,0.192277115,4
@Mrbfgray,3,1,4,0.75,science-leaning,-0.13754050666666667,4
@robbabcock_,1,3,4,0.25,denial-leaning,0.24981114500000004,4
@MauriatOttolink,3,1,4,0.75,science-leaning,-0.15964945666666666,4
@rapauli,3,1,4,0.75,science-leaning,0.344006805,4
@robertmoeller4352,1,3,4,0.25,denial-leaning,-0.23665793666666662,4
@NeilÇedilla,3,1,4,0.75,science-leaning,-0.32025898166666666,4
@randyohm3445,1,3,4,0.25,denial-leaning,-0.32552757833333335,4
@DrSmooth2000,3,1,4,0.75,science-leaning,-0.30647871916666664,4
@Noumenon4Idolatry,1,3,4,0.25,denial-leaning,-0.6059060706666666,4
@psikeyhackr6914,3,1,4,0.75,science-leaning,-0.19411700333333332,4
@Dodger481,2,2,4,0.5,balanced,0.40514371247500003,4
@stowcreek1999,1,3,4,0.25,denial-leaning,0.9662413000000001,4
@rogerphelps9939,1,3,4,0.25,denial-leaning,-0.40100199166666667,4
@praem9597,2,2,4,0.5,balanced,-0.5067861685,4
@PhongNguyễnNgọc-p4v,2,2,4,0.5,balanced,0.98113776,4
@ppetal1,2,2,4,0.5,balanced,-0.3705759155,4
@plasmaastronaut,2,2,4,0.5,balanced,-0.3444379755,4
@Deep-Time-Capsules,3,1,4,0.75,science-leaning,0.28444393,4
@TCRgalaxy,2,2,4,0.5,balanced,-0.3420072275,4
@user-jz7mo6un1u,2,2,4,0.5,balanced,-0.20672153999999998,4
@Midwest7852,1,3,4,0.25,denial-leaning,-0.6462263800000001,4
@augustus331,2,2,4,0.5,balanced,-0.5679708175,4
@aarontoussaint8364,2,2,4,0.5,balanced,-0.4360356925,4
@aditisk99,2,2,4,0.5,balanced,-0.237428015,4
@GhostOnTheHalfShell,2,2,4,0.5,balanced,0.11777191249999998,4
@Bertmussen,2,2,4,0.5,balanced,-0.662738055,4
@5353Jumper,1,3,4,0.25,denial-leaning,-0.6262145750000001,4
@Google_ai_told_me_my_iq_is155,3,1,4,0.75,science-leaning,-0.26648831,4
@Intelli24U,1,3,4,0.25,denial-leaning,-0.6351874083333333,4
@melsop54,3,1,4,0.75,science-leaning,-0.25623589933333335,4
@2adamast,1,3,4,0.25,denial-leaning,-0.05977008366666667,4
@apumasterp,1,3,4,0.25,denial-leaning,-0.16662022499999998,4
@andrew30m,1,3,4,0.25,denial-leaning,-0.46497209,4
@maxtabmann6701,2,2,4,0.5,balanced,-0.05583594250000001,4
@GordoGambler,1,3,4,0.25,denial-leaning,-0.4109574833333334,4
@Greg-yu4ij,1,3,4,0.25,denial-leaning,-0.20553785666666669,4
@matthewstone1362,3,1,4,0.75,science-leaning,-0.455891192,4
@antred11,1,3,4,0.25,denial-leaning,0.15888242833333333,4
@1dayUllC,3,1,4,0.75,science-leaning,0.03788009083333334,4
@zeph6439,2,2,4,0.5,balanced,-0.7174205674999999,4
@aaroncosier735,2,2,4,0.5,balanced,-0.309192022,4
@xxwookey,2,2,4,0.5,balanced,-0.35637247000000005,4
@77goanywhere,2,2,4,0.5,balanced,-0.6699861625,4
@GaryOsmondson,2,2,4,0.5,balanced,-0.6319010875,4
@JonathanLoganPDX,2,2,4,0.5,balanced,-0.3099815475,4
@Bebopin-69,2,2,4,0.5,balanced,-0.07214165565,4
@seanleith5312,1,3,4,0.25,denial-leaning,-0.7621639343616666,4
@whatabouttheearth,1,3,4,0.25,denial-leaning,-0.62716685,4
@neogenmatrix6162,2,2,4,0.5,balanced,-0.058276053999999994,4
@sentientflower7891,2,2,4,0.5,balanced,-0.3938354375,4
@Jay_Frank,2,2,4,0.5,balanced,-0.67127056,4
@xchopp,2,2,4,0.5,balanced,-0.009298937500000014,4
@serrihstamford,3,1,4,0.75,science-leaning,0.8842058666666667,4
@平和-v1z,2,2,4,0.5,balanced,0.44963640025,4
@Adodang,2,2,4,0.5,balanced,-0.009654153499999985,4
@AdeToz,3,1,4,0.75,science-leaning,-0.51420241,4
@VK4VO,1,3,4,0.25,denial-leaning,0.05294427999999998,4
@GeorgiosD90,3,1,4,0.75,science-leaning,-0.3352958966666667,4
@JA-gz6cj,2,2,4,0.5,balanced,-0.2595903825,4
@michaelsorensen7567,2,2,4,0.5,balanced,-0.1649794625,4
@martingillette7613,1,3,4,0.25,denial-leaning,-0.6083415716166667,4
@jassybee,1,2,3,0.3333333333333333,balanced,-0.4938794,3
@tabularasa0606,1,2,3,0.3333333333333333,balanced,-0.43315047749999996,3
@jgesselberty,1,2,3,0.3333333333333333,balanced,-0.293792085,3
@suziesmith2142,1,2,3,0.3333333333333333,balanced,0.43429699499999996,3
@jazwhoaskedforthis,2,1,3,0.6666666666666666,balanced,-0.02600545750000001,3
@jerricroft937,2,1,3,0.6666666666666666,balanced,0.61874469825,3
@sulijoo,1,2,3,0.3333333333333333,balanced,-0.7780881425,3
@stevelenores5637,2,1,3,0.6666666666666666,balanced,-0.07470606999999999,3
@stuartd9741,1,2,3,0.3333333333333333,balanced,0.22117212000000003,3
@jaymacpherson8167,1,2,3,0.3333333333333333,balanced,-0.2790160625,3
@jeanettejack2152,1,2,3,0.3333333333333333,balanced,-0.476932355,3
@stigsrnning6459,2,1,3,0.6666666666666666,balanced,-0.09686937575,3
@stopandthinkaboutit8636,1,2,3,0.3333333333333333,balanced,0.133968112,3
@stevenpike7857,1,2,3,0.3333333333333333,balanced,0.28226439999999997,3
@mark4asp,2,1,3,0.6666666666666666,balanced,-0.370865065,3
@teddybearroosevelt1847,1,2,3,0.3333333333333333,balanced,-0.739717125,3
@wstavis3135,2,1,3,0.6666666666666666,balanced,-0.631553015,3
@iareid8255,2,1,3,0.6666666666666666,balanced,-0.37256873,3
@willdsm08,1,2,3,0.3333333333333333,balanced,-0.0791262,3
@iancampbell6925,1,2,3,0.3333333333333333,balanced,-0.3279361585,3
@williampartridge7307,1,2,3,0.3333333333333333,balanced,-0.1416319155,3
@hurricanemeridian8712,1,2,3,0.3333333333333333,balanced,0.11893081999999999,3
@hrushikeshavachat900,1,2,3,0.3333333333333333,balanced,0.2873352315,3
@howardjones7370,2,1,3,0.6666666666666666,balanced,-0.23525348,3
@wompa70,1,2,3,0.3333333333333333,balanced,0.32143301,3
@yoman5136,1,2,3,0.3333333333333333,balanced,0.179355355,3
@vivigesso3756,1,2,3,0.3333333333333333,balanced,-0.8088689,3
@zacharywatson5531,1,2,3,0.3333333333333333,balanced,-0.24085041499999998,3
@zackattack635,1,2,3,0.3333333333333333,balanced,-0.850957375,3
@zakosist,1,2,3,0.3333333333333333,balanced,0.12738927249999998,3
@herbb8547,1,2,3,0.3333333333333333,balanced,-0.355037735,3
@helgefan8994,1,2,3,0.3333333333333333,balanced,-0.3482681675,3
@hartunstart,1,2,3,0.3333333333333333,balanced,-0.2473589475,3
@就趣味,1,2,3,0.3333333333333333,balanced,-0.67945266,3
@hamnose,1,2,3,0.3333333333333333,balanced,-0.03211497,3
@voiceofexperience,1,2,3,0.3333333333333333,balanced,-0.36554836749999997,3
@vincentkosik403,1,2,3,0.3333333333333333,balanced,0.456881629,3
@tenebrousjones4897,1,2,3,0.3333333333333333,balanced,-0.240760995,3
@thermalreboot,1,2,3,0.3333333333333333,balanced,-0.2757589085,3
@tenthousanddaysofgratitude,1,2,3,0.3333333333333333,balanced,-0.40308396999999996,3
@jarnosaarinen4583,2,1,3,0.6666666666666666,balanced,-0.2269455225,3
@jarichards99utube,1,2,3,0.3333333333333333,balanced,0.388099025,3
@teristeapot1823,2,1,3,0.6666666666666666,balanced,-0.5926022135,3
@terryturner2818,1,2,3,0.3333333333333333,balanced,-0.11988706500000001,3
@tetoffense7659,2,1,3,0.6666666666666666,balanced,-0.418219344,3
@jamesgrover2005,2,1,3,0.6666666666666666,balanced,-0.05827381499999998,3
@theknowall2232,2,1,3,0.6666666666666666,balanced,-0.5497767060000001,3
@thomaslawrence6353,1,2,3,0.3333333333333333,balanced,0.01830337500000001,3
@universalradio6944,1,2,3,0.3333333333333333,balanced,-0.666029475,3
@stevehewitt1151,2,1,3,0.6666666666666666,balanced,-0.28244243500000005,3
@jacquilayton2557,2,1,3,0.6666666666666666,balanced,-0.44848109574999995,3
@tomgreene1843,1,2,3,0.3333333333333333,balanced,0.67733641,3
@tonywilson4713,1,2,3,0.3333333333333333,balanced,-0.50460782,3
@treefoxxx,2,1,3,0.6666666666666666,balanced,-0.26074906924999997,3
@jackasdasd5143,2,1,3,0.6666666666666666,balanced,-0.18589646099999999,3
@izaruburs9389,2,1,3,0.6666666666666666,balanced,-0.55753138925,3
@iyamhere4370,1,2,3,0.3333333333333333,balanced,-0.5181516150000001,3
@jgreen9361,2,1,3,0.6666666666666666,balanced,-0.69640194,3
@joejoejoejoejoejoe4391,2,1,3,0.6666666666666666,balanced,-0.524993725,3
@starleyshelton2245,1,2,3,0.3333333333333333,balanced,-0.59958007,3
@normanstewart7130,1,2,3,0.3333333333333333,balanced,-0.05537011075000001,3
@naniyotaka,1,2,3,0.3333333333333333,balanced,-0.7952406,3
@nathanlevesque7812,2,1,3,0.6666666666666666,balanced,-0.610470275,3
@krystalmckenzie3041,1,2,3,0.3333333333333333,balanced,0.529492685,3
@nedwalport4426,1,2,3,0.3333333333333333,balanced,-0.35958296,3
@krixpop,2,1,3,0.6666666666666666,balanced,-0.611809075,3
@nevadataylor,1,2,3,0.3333333333333333,balanced,-0.85810463,3
@noahwilliams8996,2,1,3,0.6666666666666666,balanced,-0.728427025,3
@noconsent,1,2,3,0.3333333333333333,balanced,-0.09528271500000002,3
@klimatbluffen,1,2,3,0.3333333333333333,balanced,0.2457531085,3
@nuqwestr,1,2,3,0.3333333333333333,balanced,-0.37994881,3
@stapleman007,1,2,3,0.3333333333333333,balanced,-0.0871867775,3
@obinator9065,1,2,3,0.3333333333333333,balanced,-0.707261275,3
@okamijubei,2,1,3,0.6666666666666666,balanced,-0.34217401000000003,3
@old-pete,1,2,3,0.3333333333333333,balanced,-0.054063300000000036,3
@kevingooley6189,2,1,3,0.6666666666666666,balanced,0.393485293,3
@h.mandelene3279,1,2,3,0.3333333333333333,balanced,-0.7093661800000001,3
@kerrychase4839,1,2,3,0.3333333333333333,balanced,-0.0694245395,3
@orterves,1,2,3,0.3333333333333333,balanced,-0.39734942075,3
@kenos911,1,2,3,0.3333333333333333,balanced,-0.61809915,3
@pbsterra,2,1,3,0.6666666666666666,balanced,0.9629262675,3
@leannecoffey8964,2,1,3,0.6666666666666666,balanced,-0.19656274999999995,3
@mymy3172,1,2,3,0.3333333333333333,balanced,-0.24754850500000003,3
@mycount64,1,2,3,0.3333333333333333,balanced,-0.36966243,3
@libearl828,1,2,3,0.3333333333333333,balanced,-0.219736404,3
@markcampbell7577,2,1,3,0.6666666666666666,balanced,0.1880441135,3
@markedis5902,1,2,3,0.3333333333333333,balanced,-0.431824565,3
@markharris1223,1,2,3,0.3333333333333333,balanced,0.0882442,3
@markschiavone8003,1,2,3,0.3333333333333333,balanced,-0.38951385000000005,3
@madeinfoxtrap5539,2,1,3,0.6666666666666666,balanced,-0.4211181,3
@lyrebird9749,2,1,3,0.6666666666666666,balanced,0.22830588000000002,3
@luc6284,2,1,3,0.6666666666666666,balanced,-0.511757125,3
@mattmccallum2007,1,2,3,0.3333333333333333,balanced,0.2726910475,3
@megalodon6108,1,2,3,0.3333333333333333,balanced,-0.65194845,3
@melusine826,1,2,3,0.3333333333333333,balanced,0.14020404000000003,3
@mh1593,2,1,3,0.6666666666666666,balanced,0.28123592125,3
@michaelbartley7123,1,2,3,0.3333333333333333,balanced,0.08662543500000001,3
@michaelccopelandsr7120,1,2,3,0.3333333333333333,balanced,-0.47141500999999997,3
@loszhor,1,2,3,0.3333333333333333,balanced,-0.45502059,3
@lindop5425,1,2,3,0.3333333333333333,balanced,-0.42720374,3
@liete-sl2wg,2,1,3,0.6666666666666666,balanced,-0.7276509,3
@lie_detector_00,1,2,3,0.3333333333333333,balanced,-0.8522970000000001,3
@mickelkobeck7376,1,2,3,0.3333333333333333,balanced,-0.672151335,3
@micpic119,2,1,3,0.6666666666666666,balanced,-0.1352397925,3
@pcuimac,2,1,3,0.6666666666666666,balanced,-0.58719672,3
@peterbills4129,1,2,3,0.3333333333333333,balanced,0.10964063599999999,3
@peterjol,2,1,3,0.6666666666666666,balanced,0.0761077135,3
@richbalance8404,1,2,3,0.3333333333333333,balanced,-0.696969865,3
@roblouw1344,2,1,3,0.6666666666666666,balanced,0.673092904,3
@robmanzoni5766,1,2,3,0.3333333333333333,balanced,-0.1796752195,3
@john1boggity56,2,1,3,0.6666666666666666,balanced,-0.1651296275,3
@rogerstarkey5390,1,2,3,0.3333333333333333,balanced,-0.47197731000000004,3
@mariusg8824,1,2,3,0.3333333333333333,balanced,-0.44462820000000003,3
@joankearney4029,1,2,3,0.3333333333333333,balanced,0.1709963625,3
@jjhhandk3974,1,2,3,0.3333333333333333,balanced,-0.43538347499999996,3
@seraphcreed840,1,2,3,0.3333333333333333,balanced,-0.3526349655,3
@shanemitchell5807,1,2,3,0.3333333333333333,balanced,-0.326600685,3
@shoobidyboop8634,2,1,3,0.6666666666666666,balanced,0.21797326500000003,3
@shorunqualtec2070,1,2,3,0.3333333333333333,balanced,-0.74532786,3
@jimhood1202,1,2,3,0.3333333333333333,balanced,0.029381592499999942,3
@jimh3500,1,2,3,0.3333333333333333,balanced,0.347267025,3
@showme360,2,1,3,0.6666666666666666,balanced,-0.04252967500000002,3
@sirmeowthelibrarycat,1,2,3,0.3333333333333333,balanced,-0.45132285,3
@sirrathersplendid4825,2,1,3,0.6666666666666666,balanced,0.09314088250000002,3
@somethinglikethat2176,1,2,3,0.3333333333333333,balanced,-0.45695171,3
@sourabhmate1411,2,1,3,0.6666666666666666,balanced,-0.321090715,3
@spongebobpopsicle9397,1,2,3,0.3333333333333333,balanced,-0.585979255,3
@johndolph5158,2,1,3,0.6666666666666666,balanced,-0.36966257550000003,3
@johng4093,2,1,3,0.6666666666666666,balanced,-0.3847814325,3
@kbmblizz1940,1,2,3,0.3333333333333333,balanced,-0.690298305,3
@richardcowley4087,1,2,3,0.3333333333333333,balanced,-0.229516725,3
@peterp5099,1,2,3,0.3333333333333333,balanced,-0.65462983,3
@kaupaxup,1,2,3,0.3333333333333333,balanced,-0.844850135,3
@philipclemoes9458,1,2,3,0.3333333333333333,balanced,0.14546317999999997,3
@philipmeyer7402,1,2,3,0.3333333333333333,balanced,0.12253657,3
@kaitlyn__L,1,2,3,0.3333333333333333,balanced,-0.41430838,3
@prototropo,2,1,3,0.6666666666666666,balanced,0.05965317750000004,3
@proximacentaur1654,2,1,3,0.6666666666666666,balanced,-0.1955351195,3
@justinmadrid8712,1,2,3,0.3333333333333333,balanced,-0.54923855,3
@juni_thefoo,2,1,3,0.6666666666666666,balanced,0.6369505074999999,3
@jubilee,1,2,3,0.3333333333333333,balanced,0.76099635,3
@rabka123-m8v,1,2,3,0.3333333333333333,balanced,-0.57576623625,3
@ransomsimmons3218,1,2,3,0.3333333333333333,balanced,-0.28192255499999996,3
@josephteller9715,1,2,3,0.3333333333333333,balanced,-0.522014155,3
@ravenken,2,1,3,0.6666666666666666,balanced,0.6321824825,3
@jonpark6650,1,2,3,0.3333333333333333,balanced,0.03181045000000001,3
@rcnelson,1,2,3,0.3333333333333333,balanced,-0.13530827,3
@redacted5035,1,2,3,0.3333333333333333,balanced,0.07396291355,3
@reneeparker7475,1,2,3,0.3333333333333333,balanced,0.14048784999999997,3
@retrobluemusic,1,2,3,0.3333333333333333,balanced,-0.196753695,3
@oldschool1993,2,1,3,0.6666666666666666,balanced,0.35580447,3
@雷-t3j,2,1,3,0.6666666666666666,balanced,-0.20264973900000002,3
@SweBeach2023,1,2,3,0.3333333333333333,balanced,-0.68117677,3
@andyrowlands50029,1,2,3,0.3333333333333333,balanced,0.5003812125,3
@berniethekiwidragon4382,1,2,3,0.3333333333333333,balanced,-0.06299448099999999,3
@bentullett6068,1,2,3,0.3333333333333333,balanced,-0.435643435,3
@George.Andrews.,1,2,3,0.3333333333333333,balanced,-0.46038078649999997,3
@Gigachad-mc5qz,1,2,3,0.3333333333333333,balanced,-0.58874064,3
@beactivebehappy9894,2,1,3,0.6666666666666666,balanced,0.40271951500000003,3
@GizzyDillespee,1,2,3,0.3333333333333333,balanced,0.08671546000000002,3
@ballbag9641,1,2,3,0.3333333333333333,balanced,-0.3326030075,3
@badhombre4942,1,2,3,0.3333333333333333,balanced,-0.2834332175,3
@GontwRiya,1,2,3,0.3333333333333333,balanced,0.96642543,3
@aussieboy4090,2,1,3,0.6666666666666666,balanced,-0.4903595525,3
@auckman2281,1,2,3,0.3333333333333333,balanced,0.88285613,3
@GusOfTheDorks,1,2,3,0.3333333333333333,balanced,-0.09630478,3
@Hans-v6k,1,2,3,0.3333333333333333,balanced,-0.43577642,3
@Heavywall70,1,2,3,0.3333333333333333,balanced,0.26458248500000003,3
@Zelp789,2,1,3,0.6666666666666666,balanced,-0.5202149925,3
@andy-the-gardener,1,2,3,0.3333333333333333,balanced,-0.576086565,3
@HiddenHandMedia,1,2,3,0.3333333333333333,balanced,0.1312332625,3
@anabolicamaranth7140,1,2,3,0.3333333333333333,balanced,0.22745644749999996,3
@amarreder6241,1,2,3,0.3333333333333333,balanced,-0.20550232465,3
@alyssahansen1400,1,2,3,0.3333333333333333,balanced,-0.82850937,3
@alveolate,2,1,3,0.6666666666666666,balanced,-0.5431248225,3
@alexd4566,2,1,3,0.6666666666666666,balanced,0.0029190024999999897,3
@HironJoni-h5j,1,2,3,0.3333333333333333,balanced,0.95935476,3
@alexandracarrico1765,1,2,3,0.3333333333333333,balanced,0.20539352500000002,3
@albinoviper2876,1,2,3,0.3333333333333333,balanced,-0.20249895799999998,3
@Hitchhiker007,2,1,3,0.6666666666666666,balanced,-0.43436979499999995,3
@advent3774,2,1,3,0.6666666666666666,balanced,-0.67220061,3
@HussainjrMalik,1,2,3,0.3333333333333333,balanced,-0.15119955000000002,3
@bigike1313,2,1,3,0.6666666666666666,balanced,-0.21241729,3
@FonsecaStatter,2,1,3,0.6666666666666666,balanced,-0.41019082500000004,3
@Fjellstad69,1,2,3,0.3333333333333333,balanced,-0.11729360999999996,3
@billhanna8838,2,1,3,0.6666666666666666,balanced,-0.3195124225,3
@DisposableSupervillainHenchman,1,2,3,0.3333333333333333,balanced,-0.824909165,3
@channel1_channel,2,1,3,0.6666666666666666,balanced,-0.1219702365,3
@champspec,2,1,3,0.6666666666666666,balanced,-0.79356348,3
@chain8847,1,2,3,0.3333333333333333,balanced,-0.11629652000000001,3
@Doc-Holliday1851,1,2,3,0.3333333333333333,balanced,-0.0055622449999999934,3
@cdineaglecollapsecenter4672,1,2,3,0.3333333333333333,balanced,0.330484244,3
@ccastyman22305,1,2,3,0.3333333333333333,balanced,0.09617492499999997,3
@carlpodrecca5177,2,1,3,0.6666666666666666,balanced,-0.8004326749999999,3
@DrScopey2,1,2,3,0.3333333333333333,balanced,-0.526233815,3
@DreamersOfReality,1,2,3,0.3333333333333333,balanced,-0.6718436,3
@canUfeelMYface,1,2,3,0.3333333333333333,balanced,-0.674178985,3
@camelopardalis84,1,2,3,0.3333333333333333,balanced,-0.3762027365,3
@EB_3D,1,2,3,0.3333333333333333,balanced,-0.37397256749999996,3
@buttonsangel3074,1,2,3,0.3333333333333333,balanced,-0.8040592775,3
@EaglePlaneAnchor,1,2,3,0.3333333333333333,balanced,-0.6124865500000001,3
@Educated2Extinction,1,2,3,0.3333333333333333,balanced,-0.7424003299999999,3
@boxsterbenz4059,2,1,3,0.6666666666666666,balanced,0.12656073599999998,3
@EqualsThreeable,1,2,3,0.3333333333333333,balanced,-0.52187056,3
@Eric-ye5yz,2,1,3,0.6666666666666666,balanced,0.3294235675,3
@EthelredHardrede-nz8yv,1,2,3,0.3333333333333333,balanced,-0.34753738850000004,3
@Evolved_Chicken,1,2,3,0.3333333333333333,balanced,-0.43224321499999996,3
@bobsonbobbybobson6888,1,2,3,0.3333333333333333,balanced,-0.61729384425,3
@blahblah2062,2,1,3,0.6666666666666666,balanced,-0.47450895,3
@FLANG3265,2,1,3,0.6666666666666666,balanced,-0.49641633674999996,3
@bksduskmirror1250,1,2,3,0.3333333333333333,balanced,-0.7422756,3
@bjarkiengelsson,2,1,3,0.6666666666666666,balanced,-0.7966461325,3
@biomutarist6832,2,1,3,0.6666666666666666,balanced,-0.7180033175,3
@Zhiinu,1,2,3,0.3333333333333333,balanced,0.615475115,3
@YourInvestmentAdvise,1,2,3,0.3333333333333333,balanced,-0.66198163,3
@chrisgunther109,1,2,3,0.3333333333333333,balanced,-0.505655565,3
@MichaelHarrisIreland,2,1,3,0.6666666666666666,balanced,-0.16218078500000002,3
@SeanHollingsworth,1,2,3,0.3333333333333333,balanced,0.6659838675,3
@Sean-ll5cm,1,2,3,0.3333333333333333,balanced,-0.6128565,3
@Sea-zu4bj,2,1,3,0.6666666666666666,balanced,-0.6531717825,3
@Scarletraven87,1,2,3,0.3333333333333333,balanced,-0.3076695735,3
@SaltyOldBaldurian,1,2,3,0.3333333333333333,balanced,-0.5152544025,3
@RussellFineArt,1,2,3,0.3333333333333333,balanced,0.013411070000000025,3
@Robynhoodlum,1,2,3,0.3333333333333333,balanced,0.274494175,3
@RobertCHoweSr,1,2,3,0.3333333333333333,balanced,-0.25985512499999996,3
@MeppyMan,2,1,3,0.6666666666666666,balanced,0.28807478357500005,3
@Raptor-su2mp,1,2,3,0.3333333333333333,balanced,0.43847582500000004,3
@RTmadnesstoo,1,2,3,0.3333333333333333,balanced,-0.098307088,3
@Michael0663-qo4wx,2,1,3,0.6666666666666666,balanced,-0.7843011575000001,3
@PershingOfficial,2,1,3,0.6666666666666666,balanced,0.03927222999999999,3
@PaulMann8666,2,1,3,0.6666666666666666,balanced,-0.847435885,3
@XiamenBill78,1,2,3,0.3333333333333333,balanced,0.1292819,3
@Panzerkampfagen885,1,2,3,0.3333333333333333,balanced,-0.646789265,3
@One-shh,2,1,3,0.6666666666666666,balanced,-0.052617661499999996,3
@ORagnar,1,2,3,0.3333333333333333,balanced,-0.56731597,3
@MichaelOrtega,1,2,3,0.3333333333333333,balanced,0.790017635,3
@NotAGoodUsername360,1,2,3,0.3333333333333333,balanced,-0.44915942375,3
@Norahknits,1,2,3,0.3333333333333333,balanced,0.04950878999999997,3
@MilwaukeeF40C,2,1,3,0.6666666666666666,balanced,-0.85993919,3
@NitroSmoke244,1,2,3,0.3333333333333333,balanced,-0.35759041999999996,3
@MossyMozart,1,2,3,0.3333333333333333,balanced,-0.346958465,3
@NightRunner417,1,2,3,0.3333333333333333,balanced,-0.6872780249999999,3
@N.Sniper,1,2,3,0.3333333333333333,balanced,-0.06901830500000003,3
@MrJohndl,2,1,3,0.6666666666666666,balanced,0.05937294999999998,3
@MrNicoJac,1,2,3,0.3333333333333333,balanced,0.137001568,3
@SimonFrack,1,2,3,0.3333333333333333,balanced,-0.176749029,3
@SiqueScarface,1,2,3,0.3333333333333333,balanced,-0.200566199,3
@Malibu1515,1,2,3,0.3333333333333333,balanced,-0.1245227725,3
@Longtack55,1,2,3,0.3333333333333333,balanced,-0.29689811499999996,3
@IIVVBlues,1,2,3,0.3333333333333333,balanced,-0.37514944625,3
@VillageGirl-1984,2,1,3,0.6666666666666666,balanced,-0.62582979325,3
@VCanisMajorisY,2,1,3,0.6666666666666666,balanced,-0.2737347075,3
@UnknownPascal-sc2nk,1,2,3,0.3333333333333333,balanced,-0.6298227574999999,3
@IygfZadc,2,1,3,0.6666666666666666,balanced,0.962700975,3
@Tubeytime,1,2,3,0.3333333333333333,balanced,-0.35960281,3
@JFB1111,1,2,3,0.3333333333333333,balanced,-0.4608686175,3
@TrashpandaLizz,1,2,3,0.3333333333333333,balanced,-0.9025446699999999,3
@Trailkraft,1,2,3,0.3333333333333333,balanced,0.23026415,3
@JRB22144,1,2,3,0.3333333333333333,balanced,-0.24081106500000002,3
@Jake12220,1,2,3,0.3333333333333333,balanced,-0.120020561,3
@TimothyWells-kw1jj,1,2,3,0.3333333333333333,balanced,0.454699285,3
@TimothyGasser,1,2,3,0.3333333333333333,balanced,-0.25193216,3
@The_introvert0001,1,2,3,0.3333333333333333,balanced,0.09083474999999999,3
@Jozeemoss,1,2,3,0.3333333333333333,balanced,-0.44197735000000005,3
@TheLittlered1961,1,2,3,0.3333333333333333,balanced,-0.32060066,3
@KlutchKargo,1,2,3,0.3333333333333333,balanced,-0.76146163,3
@TheDanEdwards,2,1,3,0.6666666666666666,balanced,-0.5726374425,3
@TheCompleteGuitarist,1,2,3,0.3333333333333333,balanced,0.029742040000000004,3
@TeddyRumble,1,2,3,0.3333333333333333,balanced,-0.73314872,3
@KowboyUSA,2,1,3,0.6666666666666666,balanced,-0.022770537499999993,3
@T1tusCr0w,2,1,3,0.6666666666666666,balanced,-0.3470163,3
@Kris-fd9xs,2,1,3,0.6666666666666666,balanced,-0.5223115899999999,3
@KyleTheDalek,1,2,3,0.3333333333333333,balanced,-0.7549691475,3
@Leehamism,1,2,3,0.3333333333333333,balanced,-0.408851725,3
@SpeedyCorky,1,2,3,0.3333333333333333,balanced,-0.41631828249999997,3
@Loki-rascal,2,1,3,0.6666666666666666,balanced,-0.38247965525,3
@cherryfresh6150,1,2,3,0.3333333333333333,balanced,-0.3296251425,3
@blackbird5634,1,2,3,0.3333333333333333,balanced,-0.12294665000000002,3
@MrRandythibeault,1,2,3,0.3333333333333333,balanced,-0.296257275,3
@BrokeredHeart,1,2,3,0.3333333333333333,balanced,-0.6665849349999999,3
@AWildBard,1,2,3,0.3333333333333333,balanced,0.29405685800000003,3
@Bob-of-Zoid,2,1,3,0.6666666666666666,balanced,-0.010553850000000004,3
@e.a.p3174,1,2,3,0.3333333333333333,balanced,0.36639992,3
@garimasharma4812,1,2,3,0.3333333333333333,balanced,-0.5218040349999999,3
@doughaug,1,2,3,0.3333333333333333,balanced,0.054908605,3
@ANO-.-NYM,1,2,3,0.3333333333333333,balanced,-0.58409278,3
@diatonicdelirium1743,2,1,3,0.6666666666666666,balanced,-0.6146966285,3
@garydaniels2533,1,2,3,0.3333333333333333,balanced,0.16655354500000003,3
@ACAB-GAYCRAB,1,2,3,0.3333333333333333,balanced,-0.50250802,3
@CT-vm4gf,2,1,3,0.6666666666666666,balanced,-0.465797675,3
@davidtuer5825,2,1,3,0.6666666666666666,balanced,-0.5468041525,3
@Campaigner82,2,1,3,0.6666666666666666,balanced,0.284823195,3
@denisegaylord382,2,1,3,0.6666666666666666,balanced,-0.428937345,3
@Apistevist,1,2,3,0.3333333333333333,balanced,-0.398810336,3
@dedetudor.,1,2,3,0.3333333333333333,balanced,-0.41927834225000005,3
@geedubb-q1u,1,2,3,0.3333333333333333,balanced,-0.194505226,3
@deadreckoning6288,1,2,3,0.3333333333333333,balanced,-0.265449722,3
@CitiesForTheFuture2030,2,1,3,0.6666666666666666,balanced,-0.189356955,3
@geoffreyah,1,2,3,0.3333333333333333,balanced,-0.021400970000000005,3
@Colonel__Ingus69,2,1,3,0.6666666666666666,balanced,-0.3734762025,3
@eatenbytheweasel8366,1,2,3,0.3333333333333333,balanced,-0.6226578,3
@ecocentrichomestead6783,1,2,3,0.3333333333333333,balanced,-0.7000408499999999,3
@edanderson8274,1,2,3,0.3333333333333333,balanced,0.35043188999999997,3
@eddiegolf,1,2,3,0.3333333333333333,balanced,-0.67303063,3
@AvanaVana,1,2,3,0.3333333333333333,balanced,-0.5171596775,3
@BANANASandDUCTTAPE,1,2,3,0.3333333333333333,balanced,-0.454624797,3
@BROWNDIRTWARRIOR,2,1,3,0.6666666666666666,balanced,-0.52725515,3
@fal_pal_,1,2,3,0.3333333333333333,balanced,0.30590654650000004,3
@AhammedAli-h8j,1,2,3,0.3333333333333333,balanced,0.9599795250000001,3
@fabianmckenna8197,1,2,3,0.3333333333333333,balanced,0.21902555500000004,3
@AdrianCuyubambaDiaz,1,2,3,0.3333333333333333,balanced,-0.42850733500000004,3
@franimal86,2,1,3,0.6666666666666666,balanced,-0.332438849,3
@ethanshelbyskateboarding9980,2,1,3,0.6666666666666666,balanced,-0.08478526249999999,3
@frankgrima,1,2,3,0.3333333333333333,balanced,-0.8065467075,3
@Aanthanur,2,1,3,0.6666666666666666,balanced,-0.18335198,3
@ernestimken6969,1,2,3,0.3333333333333333,balanced,0.31135565635,3
@emryborge7027,1,2,3,0.3333333333333333,balanced,-0.541983,3
@emptyshirt,1,2,3,0.3333333333333333,balanced,0.123039165,3
@BandAid350z,2,1,3,0.6666666666666666,balanced,-0.5647741775,3
@BenGrem917,2,1,3,0.6666666666666666,balanced,-0.6405007825,3
@galaxya6406,1,2,3,0.3333333333333333,balanced,-0.47632740700000004,3
@edwardcarberry1095,1,2,3,0.3333333333333333,balanced,-0.425500415,3
@BladeValant546,2,1,3,0.6666666666666666,balanced,-0.4477088625,3
@davidwood2387,1,2,3,0.3333333333333333,balanced,0.52497506,3
@deltalord6969,1,2,3,0.3333333333333333,balanced,0.10418449999999996,3
@2kmichaeljordan438,2,1,3,0.6666666666666666,balanced,-0.776810535,3
@01bhanaramfarmer2,1,2,3,0.3333333333333333,balanced,0.972589435,3
@65FullMoon83,1,2,3,0.3333333333333333,balanced,-0.141556245,3
@4TIMESAYEAR,2,1,3,0.6666666666666666,balanced,0.126194105,3
@dalecrocker3213,2,1,3,0.6666666666666666,balanced,0.05917451950000001,3
@goldenhate6649,1,2,3,0.3333333333333333,balanced,-0.188869845,3
@gordowg1wg145,1,2,3,0.3333333333333333,balanced,-0.007751374999999998,3
@crazyasitis1940,1,2,3,0.3333333333333333,balanced,-0.6588709525,3
@cratecruncher4974,1,2,3,0.3333333333333333,balanced,-0.7554010449999999,3
@David-di5bo,2,1,3,0.6666666666666666,balanced,-0.12834426550000003,3
@cpufreak101,1,2,3,0.3333333333333333,balanced,0.22110332500000002,3
@gpettipas,2,1,3,0.6666666666666666,balanced,-0.091233855,3
@greatbriton8425,1,2,3,0.3333333333333333,balanced,-0.44216104,3
@ginatitnaw7786,2,1,3,0.6666666666666666,balanced,-0.36261088545000003,3
@costrio,1,2,3,0.3333333333333333,balanced,0.06747468875,3
@gregmoore167,1,2,3,0.3333333333333333,balanced,0.0014493999999999896,3
@conrmckocoa9352,1,2,3,0.3333333333333333,balanced,-0.055827810000000005,3
@greywinters4801,1,2,3,0.3333333333333333,balanced,-0.451580401,3
@climatebell,1,2,3,0.3333333333333333,balanced,0.5103779175000001,3
@DeadCat-42,1,2,3,0.3333333333333333,balanced,-0.289659355,3
@-_James_-,1,2,3,0.3333333333333333,balanced,-0.29350530334999997,3
@guesswho22peekaboo,1,2,3,0.3333333333333333,balanced,-0.3529195475,3
@chrisruss9861,1,2,3,0.3333333333333333,balanced,-0.2115498775,3
@DennisMoore664,2,1,3,0.6666666666666666,balanced,0.32024297,3
@giorgialadashvili4771,1,2,3,0.3333333333333333,balanced,-0.64169458,3
@fireballxl5768,1,2,3,0.3333333333333333,balanced,-0.4365653625,3
@DanteGabriel-lx9bq,1,2,3,0.3333333333333333,balanced,-0.504489445,3
@D_Coronata,1,2,3,0.3333333333333333,balanced,-0.6849075099999999,3
@ggvbayareaoakland5914,1,2,3,0.3333333333333333,balanced,-0.380111115,3
@CrystalAbrahams,1,2,3,0.3333333333333333,balanced,-0.3089790925,3
@georgedavidson1221,1,2,3,0.3333333333333333,balanced,0.19062836,3
@retiefgregorovich810,1,1,2,0.5,balanced,-0.58071292,2
@MaximusWild,1,1,2,0.5,balanced,-0.40792257,2
@ryanatkinson2978,1,1,2,0.5,balanced,-0.7271064650000001,2
@8thRRFS,1,1,2,0.5,balanced,-0.1119594495,2
@sabotabby3372,1,1,2,0.5,balanced,0.7485850199999999,2
@wisdon,1,1,2,0.5,balanced,-0.229351032,2
@sarahpengelly8439,1,1,2,0.5,balanced,0.48563358624999997,2
@reverendfry,1,1,2,0.5,balanced,-0.31516921000000003,2
@yancgc5098,1,1,2,0.5,balanced,-0.47440445,2
@ridethecurve55,1,1,2,0.5,balanced,-0.312697495,2
@richardpeychers4076,1,1,2,0.5,balanced,-0.09539352200000001,2
@AZrakoon,1,1,2,0.5,balanced,-0.41002524,2
@Alice-si8uz,1,1,2,0.5,balanced,-0.33866748849999995,2
@KlausJLinke,1,1,2,0.5,balanced,0.22214862500000002,2
@KarlSnarks,1,1,2,0.5,balanced,-0.49678496000000005,2
@JugglinJellyTake01,1,1,2,0.5,balanced,-0.23489937,2
@AndrewMair,1,1,2,0.5,balanced,-0.44608645999999996,2
@MrPaytonw34,1,1,2,0.5,balanced,-0.53823548,2
@77dris,1,1,2,0.5,balanced,0.8506033500000001,2
@xqt39a,1,1,2,0.5,balanced,-0.572799285,2
@Joker-no1uh,1,1,2,0.5,balanced,-0.741478835,2
@JohnSmith-fl6qd,1,1,2,0.5,balanced,-0.6603769749999999,2
@AnkitYadav-ll6pt,1,1,2,0.5,balanced,0.983761815,2
@777Outrigger,1,1,2,0.5,balanced,0.40371923000000004,2
@Martinstoffregen,1,1,2,0.5,balanced,-0.26163960999999997,2
@Mastikator,1,1,2,0.5,balanced,-0.210091995,2
@robertbox7666,1,1,2,0.5,balanced,-0.34100838,2
@9340cody,1,1,2,0.5,balanced,0.582403125,2
@M.A.Tremblay,1,1,2,0.5,balanced,-0.59360069,2
@yourstruely9896,1,1,2,0.5,balanced,-0.3334823461,2
@rickkwitkoski1976,1,1,2,0.5,balanced,-0.7229950700000001,2
@woocheongan1437,1,1,2,0.5,balanced,0.423961878,2
@LetzBeaFranque,1,1,2,0.5,balanced,0.21241899,2
@LetsProblemSolve,1,1,2,0.5,balanced,-0.34479629,2
@MarSchlosser,1,1,2,0.5,balanced,-0.336829125,2
@richarddrum9970,1,1,2,0.5,balanced,-0.281336555,2
@rolandgo6744,1,1,2,0.5,balanced,-0.5897627999999999,2
@roberttuss5349,1,1,2,0.5,balanced,-0.567663825,2
@rossbuchanan3016,1,1,2,0.5,balanced,0.766195315,2
@robinhood5627,1,1,2,0.5,balanced,0.10679218,2
@rosyrussell5209,1,1,2,0.5,balanced,0.04484112000000001,2
@roydaboii9925,1,1,2,0.5,balanced,-0.066822365,2
@yourmommashouse,1,1,2,0.5,balanced,-0.7564043,2
@Marcello1b,1,1,2,0.5,balanced,-0.50417775,2
@2NDFLB,1,1,2,0.5,balanced,-0.10671457000000001,2
@LarsLarsen77,1,1,2,0.5,balanced,-0.009892664999999967,2
@rrkunath,1,1,2,0.5,balanced,-0.7284631500000001,2
@มะสุกรีกูนิง-ศ8ฟ,1,1,2,0.5,balanced,0.96738317,2
@Marqan,1,1,2,0.5,balanced,-0.2087073235,2
@Mars0984,1,1,2,0.5,balanced,-0.73366248,2
@7071SydcHome,1,1,2,0.5,balanced,0.122772145,2
@MenkoDany,1,1,2,0.5,balanced,-0.2061256965,2
@Deraek,1,1,2,0.5,balanced,0.179222505,2
@selonious341,1,1,2,0.5,balanced,-0.79639875,2
@EngineeringDork,1,1,2,0.5,balanced,-0.7896929500000001,2
@timfremstad3434,1,1,2,0.5,balanced,-0.398249020515,2
@timhicks2154,1,1,2,0.5,balanced,-0.097171755,2
@tardigrades3184,1,1,2,0.5,balanced,-0.17036096450000002,2
@syfyrytr1652,1,1,2,0.5,balanced,0.14659090000000002,2
@EveryoneWhoUsesThisTV,1,1,2,0.5,balanced,-0.5064350950000001,2
@tomnelson2080,1,1,2,0.5,balanced,-0.6660423200000001,2
@EydgdjjEygejeg,1,1,2,0.5,balanced,0.960846875,2
@MrTimy06,1,1,2,0.5,balanced,0.31010464,2
@suspendedTeacher,1,1,2,0.5,balanced,-0.182119897,2
@toughenupfluffy7294,1,1,2,0.5,balanced,-0.629741475,2
@CrusaderSports250,1,1,2,0.5,balanced,-0.262269035,2
@FactsMatterRoman,1,1,2,0.5,balanced,0.454274474,2
@Feral-j8l,1,1,2,0.5,balanced,-0.0747489895,2
@Cloudscryactualtears,1,1,2,0.5,balanced,0.27526797999999997,2
@GOSOPRO,1,1,2,0.5,balanced,0.09563445000000004,2
@Chris.Davies,1,1,2,0.5,balanced,0.58726484,2
@Gabriele-wolfsong,1,1,2,0.5,balanced,0.60965399,2
@tedclapham4833,1,1,2,0.5,balanced,-0.50114678,2
@Dark__Thoughts,1,1,2,0.5,balanced,-0.422970885,2
@Charlesincharge42,1,1,2,0.5,balanced,0.21812915499999996,2
@tediousmaximus1067,1,1,2,0.5,balanced,-0.65503875,2
@therealthreadkilla,1,1,2,0.5,balanced,-0.42103599999999997,2
@Dm-dk9zp,1,1,2,0.5,balanced,-0.49570085,2
@theodavies8754,1,1,2,0.5,balanced,-0.06389634,2
@DeltaElites,1,1,2,0.5,balanced,-0.057067319000000005,2
@Davidsavage8008,1,1,2,0.5,balanced,-0.45899109000000005,2
@thegoat-ishere4414,1,1,2,0.5,balanced,-0.08779927500000001,2
@DavidSiegelVision,1,1,2,0.5,balanced,-0.62845568,2
@Doc_Holiday,1,1,2,0.5,balanced,0.14541106,2
@thedivide9559,1,1,2,0.5,balanced,-0.68132525,2
@DoubleDogDare54,1,1,2,0.5,balanced,-0.32575926,2
@DreamstateOne,1,1,2,0.5,balanced,-0.7434593,2
@thulyblu5486,1,1,2,0.5,balanced,0.41341368,2
@thumbs4fingers,1,1,2,0.5,balanced,0.3363256,2
@DarkmanRides,1,1,2,0.5,balanced,-0.2766651,2
@EdmacZ,1,1,2,0.5,balanced,-0.6307021,2
@tenzinnordron9836,1,1,2,0.5,balanced,0.3320360495,2
@Elrond_Hubbard_1,1,1,2,0.5,balanced,-0.422911705,2
@GayestWinston,1,1,2,0.5,balanced,0.640203505,2
@stevetaylor8298,1,1,2,0.5,balanced,-0.58117095,2
@JoeBlowUK,1,1,2,0.5,balanced,-0.06990168000000002,2
@BlazinRiver1,1,1,2,0.5,balanced,0.42953254799999996,2
@socratesDude,1,1,2,0.5,balanced,-0.8663570700000001,2
@smythe7480,1,1,2,0.5,balanced,-0.268846015,2
@Direblade11,1,1,2,0.5,balanced,-0.46462238,2
@slayerofthebuzz1,1,1,2,0.5,balanced,-0.518032905,2
@Idealist_Metaphor,1,1,2,0.5,balanced,-0.46249513,2
@Incomudro1963,1,1,2,0.5,balanced,0.37815153,2
@BabliMishra-z7t,1,1,2,0.5,balanced,0.9661976999999999,2
@wandameadows5736,1,1,2,0.5,balanced,-0.61164733,2
@IowaKim,1,1,2,0.5,balanced,0.5045010015,2
@J.5.M.,1,1,2,0.5,balanced,0.91641995,2
@JAG8691,1,1,2,0.5,balanced,0.2702949,2
@wanton1234,1,1,2,0.5,balanced,-0.757626525,2
@shipwreck9146,1,1,2,0.5,balanced,-0.290570685,2
@JPryhs,1,1,2,0.5,balanced,-0.03769506500000003,2
@shawnpatrick4703,1,1,2,0.5,balanced,-0.0036009500000000055,2
@Appleblade,1,1,2,0.5,balanced,0.0780206,2
@JasonSpann-nk1nk,1,1,2,0.5,balanced,-0.46072886999999996,2
@BigGuy8059,1,1,2,0.5,balanced,-0.3569175625,2
@somethingelse9228,1,1,2,0.5,balanced,-0.408122705,2
@stevep5408,1,1,2,0.5,balanced,0.006134675000000006,2
@soscilogical1904,1,1,2,0.5,balanced,-0.52469075,2
@truthseeker1702,1,1,2,0.5,balanced,0.9688083,2
@CaowmsuehNaowmsus,1,1,2,0.5,balanced,0.97102667,2
@stevendoty9408,1,1,2,0.5,balanced,-0.7719379749999999,2
@C.Fecteau-AU-MJ13,1,1,2,0.5,balanced,-0.331578435,2
@GraveUypo,1,1,2,0.5,balanced,-0.13552254999999996,2
@GreyDeathVaccine,1,1,2,0.5,balanced,-0.199271025,2
@Grillenheimer,1,1,2,0.5,balanced,0.016029449999999997,2
@stebarg,1,1,2,0.5,balanced,-0.259074015,2
@HIFLY01,1,1,2,0.5,balanced,-0.162858395,2
@stansman5461,1,1,2,0.5,balanced,-0.35008997000000003,2
@ssuwandi3240,1,1,2,0.5,balanced,-0.7813867800000001,2
@Britishshooter,1,1,2,0.5,balanced,0.1641521175,2
@Bristecom,1,1,2,0.5,balanced,-0.5659340500000001,2
@HeliaDasneves,1,1,2,0.5,balanced,0.498308463,2
@vanessac1965,1,1,2,0.5,balanced,-0.68240575,2
@vask92,1,1,2,0.5,balanced,-0.89297928,2
@vectoreyes,1,1,2,0.5,balanced,-0.58432937,2
@smallstudiodesign,1,1,2,0.5,balanced,-0.606752965,2
@guy-sl3kr,1,1,2,0.5,balanced,-0.028850680000000017,2
@rebeccaainslie4637,1,1,2,0.5,balanced,-0.8348170500000001,2
@kated3165,1,1,2,0.5,balanced,-0.8307734,2
@chrisdoe6890,1,1,2,0.5,balanced,-0.60220735,2
@chrish5791,1,1,2,0.5,balanced,-0.26624845,2
@citizenschallengeYT,1,1,2,0.5,balanced,0.6746550149999999,2
@cliffcraig5594,1,1,2,0.5,balanced,0.62483566,2
@clintsanderson6019,1,1,2,0.5,balanced,0.8323478,2
@copiedoffme,1,1,2,0.5,balanced,0.9670099000000001,2
@josephmclennan1229,1,1,2,0.5,balanced,-0.22180151,2
@josephbelisle5792,1,1,2,0.5,balanced,-0.572882415,2
@johnwright6706,1,1,2,0.5,balanced,-0.018019755,2
@daebak7370,1,1,2,0.5,balanced,0.306627013,2
@johnpetrakis379,1,1,2,0.5,balanced,-0.686630775,2
@danielareid1200,1,1,2,0.5,balanced,0.6144053,2
@danielhutchinson6604,1,1,2,0.5,balanced,0.03106262500000001,2
@johngrajczyk2255,1,1,2,0.5,balanced,0.9710371,2
@dannyboywhaa3146,1,1,2,0.5,balanced,0.34679055999999997,2
@johngalt97,1,1,2,0.5,balanced,-0.587644515,2
@danstephensen9032,1,1,2,0.5,balanced,0.21345742499999998,2
@davefield8100,1,1,2,0.5,balanced,0.388957635,2
@johndelong5574,1,1,2,0.5,balanced,-0.43972646,2
@johncahill3644,1,1,2,0.5,balanced,-0.44381376499999997,2
@johnbraunschweig,1,1,2,0.5,balanced,-0.009898169999999984,2
@davitdavid7165,1,1,2,0.5,balanced,-0.18680650000000001,2
@johannesswillery7855,1,1,2,0.5,balanced,-0.08470496799999999,2
@chrisbraid2907,1,1,2,0.5,balanced,-0.20765495,2
@charltonblake9967,1,1,2,0.5,balanced,-0.39788192,2
@deenfurgsz6806,1,1,2,0.5,balanced,-0.29477959000000004,2
@charlesaanonson3954,1,1,2,0.5,balanced,-0.21495587500000002,2
@leftcoaster67,1,1,2,0.5,balanced,0.050728474999999995,2
@bogbel1,1,1,2,0.5,balanced,0.19123257,2
@boggless2771,1,1,2,0.5,balanced,0.266936335,2
@latehakala5407,1,1,2,0.5,balanced,-0.02591091500000002,2
@larspetry4640,1,1,2,0.5,balanced,0.025225584999999995,2
@bongoib,1,1,2,0.5,balanced,0.08940007,2
@bosh6604,1,1,2,0.5,balanced,0.393248945,2
@bradzimmerman3171,1,1,2,0.5,balanced,-0.6527740049999999,2
@kosatochca,1,1,2,0.5,balanced,-0.8112009,2
@kofi3124,1,1,2,0.5,balanced,-0.824758885,2
@braxtondamico3599,1,1,2,0.5,balanced,-0.64989811,2
@briansprock2248,1,1,2,0.5,balanced,0.08137949000000001,2
@btcmoneydude,1,1,2,0.5,balanced,-0.62936688,2
@kiwitrainguy,1,1,2,0.5,balanced,0.129694082,2
@capitalallocator,1,1,2,0.5,balanced,0.13791461,2
@captainjack5529,1,1,2,0.5,balanced,-0.24086084000000002,2
@khoih2623,1,1,2,0.5,balanced,0.976324855,2
@carl_in_denial,1,1,2,0.5,balanced,-0.34444305999999997,2
@kevinburke8608,1,1,2,0.5,balanced,-0.3682176125,2
@carlodave9,1,1,2,0.5,balanced,-0.8662213999999999,2
@cerealkiller4248,1,1,2,0.5,balanced,-0.5833299249999999,2
@kendrajohnson6535,1,1,2,0.5,balanced,0.951352635,2
@kbkesq,1,1,2,0.5,balanced,0.765387865,2
@deal2live,1,1,2,0.5,balanced,-0.21575387499999998,2
@dennislaughton1676,1,1,2,0.5,balanced,-0.428753352,2
@reahs4815,1,1,2,0.5,balanced,-0.294994595,2
@jameseldridge3445,1,1,2,0.5,balanced,0.17307195,2
@jamesblair9614,1,1,2,0.5,balanced,-0.06436955,2
@jackmewhalle6937,1,1,2,0.5,balanced,-0.45875889,2
@gabor6259,1,1,2,0.5,balanced,0.32913892499999997,2
@garethjudd5840,1,1,2,0.5,balanced,-0.4892705,2
@garreysellars5525,1,1,2,0.5,balanced,0.17620204,2
@iworkout6912,1,1,2,0.5,balanced,-0.236943685,2
@intreoo,1,1,2,0.5,balanced,-0.76520553,2
@gdemorest7942,1,1,2,0.5,balanced,-0.48124669999999997,2
@geob8172,1,1,2,0.5,balanced,-0.19371523499999999,2
@ians.339,1,1,2,0.5,balanced,-0.31134148500000003,2
@geoffreywilliams9324,1,1,2,0.5,balanced,0.7515467499999999,2
@georgelet4132,1,1,2,0.5,balanced,0.08408339999999997,2
@hummarstraful,1,1,2,0.5,balanced,0.16728714,2
@hugohabicht9957,1,1,2,0.5,balanced,0.19189158499999998,2
@georgemallory797,1,1,2,0.5,balanced,0.14395819999999998,2
@history6988,1,1,2,0.5,balanced,-0.21622042,2
@giorgiocooper9023,1,1,2,0.5,balanced,0.13928332,2
@goclimbsomething,1,1,2,0.5,balanced,-0.44636741,2
@henrykid1393,1,1,2,0.5,balanced,-0.44120282375000003,2
@hellavadeal,1,1,2,0.5,balanced,-0.1509344175,2
@gordtron,1,1,2,0.5,balanced,-0.8986612549999999,2
@grahamhodge8313,1,1,2,0.5,balanced,0.18972518,2
@halholland1637,1,1,2,0.5,balanced,-0.70765085,2
@fractalnomics,1,1,2,0.5,balanced,-0.18052427499999998,2
@fisharepeopletoo9653,1,1,2,0.5,balanced,-0.009789734999999994,2
@depwise1154,1,1,2,0.5,balanced,-0.248382895,2
@firebush1343,1,1,2,0.5,balanced,-0.431675385,2
@jitteryjet7525,1,1,2,0.5,balanced,-0.1119078,2
@der_flabber_gast,1,1,2,0.5,balanced,-0.622685215,2
@deremjool8043,1,1,2,0.5,balanced,0.64230698,2
@donovanjones4175,1,1,2,0.5,balanced,-0.344885655,2
@drjojo5551,1,1,2,0.5,balanced,-0.83230934,2
@earthling_parth,1,1,2,0.5,balanced,0.10336706499999998,2
@jfhoward8264,1,1,2,0.5,balanced,-0.3220166,2
@eclipsenow5431,1,1,2,0.5,balanced,0.91307057,2
@jenwendy7,1,1,2,0.5,balanced,-0.936416535,2
@edg8535,1,1,2,0.5,balanced,-0.39787982,2
@jeanbrown8295,1,1,2,0.5,balanced,0.3327472025,2
@edwardcuevas6974,1,1,2,0.5,balanced,-0.34176616849999997,2
@egongefferie9194,1,1,2,0.5,balanced,0.07332299999999997,2
@jaypuck6912,1,1,2,0.5,balanced,-0.590345685,2
@erth2man,1,1,2,0.5,balanced,-0.7302275,2
@jasonking1284,1,1,2,0.5,balanced,-0.64534298,2
@japi425,1,1,2,0.5,balanced,0.9716777750000001,2
@fallinginthed33p,1,1,2,0.5,balanced,-0.7017395500000001,2
@fionahobbs8818,1,1,2,0.5,balanced,-0.8194166350000001,2
@jameswest4819,1,1,2,0.5,balanced,-0.602919175,2
@jamesrust6496,1,1,2,0.5,balanced,0.79725835,2
@jamesruscheinski8602,1,1,2,0.5,balanced,-0.007471792499999999,2
@jameskulevich8907,1,1,2,0.5,balanced,-0.554666385,2
@bobwhite9670,1,1,2,0.5,balanced,-0.780562755,2
@lesmoore3638,1,1,2,0.5,balanced,-0.7391222500000001,2
@blauwachtig,1,1,2,0.5,balanced,-0.70995763,2
@paulwatson1521,1,1,2,0.5,balanced,-0.394183225,2
@Sjalabais,1,1,2,0.5,balanced,0.39541809,2
@Socrates-I,1,1,2,0.5,balanced,-0.715090695,2
@paradigmbuster,1,1,2,0.5,balanced,-0.129644215,2
@pacalvotan3380,1,1,2,0.5,balanced,0.14742550000000001,2
@StarwaterCWS,1,1,2,0.5,balanced,-0.33825355,2
@orangenostril,1,1,2,0.5,balanced,-0.54685503,2
@StuckOnEarthForNow,1,1,2,0.5,balanced,-0.563152765,2
@Subjagator,1,1,2,0.5,balanced,-0.679196205,2
@Supermariocrosser,1,1,2,0.5,balanced,-0.268074005,2
@SusannaSaunders,1,1,2,0.5,balanced,0.7832627,2
@guillermoelnino,1,1,2,0.5,balanced,-0.6365152000000001,2
@SyNcLife,1,1,2,0.5,balanced,0.8247573,2
@occultpriestess,1,1,2,0.5,balanced,0.8985987799999999,2
@T1hitsTheHighestNote,1,1,2,0.5,balanced,-0.25081118,2
@nzuckman,1,1,2,0.5,balanced,-0.669372275,2
@Taxtherich2,1,1,2,0.5,balanced,-0.248884922,2
@The4Crawler,1,1,2,0.5,balanced,0.058371619999999985,2
@TheHunterGracchus,1,1,2,0.5,balanced,0.0930069925,2
@ThePmfatima,1,1,2,0.5,balanced,-0.348842775,2
@TheSulross,1,1,2,0.5,balanced,-0.30035278,2
@noahi.1381,1,1,2,0.5,balanced,-0.145961335,2
@nirvanaurantian6834,1,1,2,0.5,balanced,0.06942815000000002,2
@ninjabreadgirl,1,1,2,0.5,balanced,0.24683614999999998,2
@paullongley1221,1,1,2,0.5,balanced,0.290393275,2
@paulwolf8444,1,1,2,0.5,balanced,0.00013345499999999066,2
@life_unfilt3red,1,1,2,0.5,balanced,0.34860718999999996,2
@Shimamon27,1,1,2,0.5,balanced,-0.710399955,2
@MsHojat,1,1,2,0.5,balanced,0.0013889350000000009,2
@raynaylor8602,1,1,2,0.5,balanced,-0.53727017,2
@Msndfxbd,1,1,2,0.5,balanced,0.963394105,2
@ratillecebrasquedubitantiu4451,1,1,2,0.5,balanced,-0.444007983,2
@randyrapaport2806,1,1,2,0.5,balanced,-0.505939595,2
@NoinsMualy,1,1,2,0.5,balanced,0.959415875,2
@NwoDispatcher,1,1,2,0.5,balanced,-0.360541985,2
@POOPGOD999,1,1,2,0.5,balanced,-0.71487515,2
@PercivalBlakeney,1,1,2,0.5,balanced,-0.7868528,2
@Pier-zl7gm,1,1,2,0.5,balanced,0.42354367000000004,2
@PlatinumAltaria,1,1,2,0.5,balanced,-0.70381057,2
@Popeye151,1,1,2,0.5,balanced,-0.2405999475,2
@RieCherie,1,1,2,0.5,balanced,0.34303719,2
@RyanDB,1,1,2,0.5,balanced,-0.811336695,2
@Samael1113,1,1,2,0.5,balanced,-0.36543089,2
@Sbiper,1,1,2,0.5,balanced,-0.237999125,2
@petermathieson5692,1,1,2,0.5,balanced,0.088489777,2
@SeenfromSpace,1,1,2,0.5,balanced,-0.426011565,2
@SergeZolty-k7y,1,1,2,0.5,balanced,0.969655065,2
@peterdollins3610,1,1,2,0.5,balanced,-0.32541338999999997,2
@SevenSixTwo2012,1,1,2,0.5,balanced,-0.75742865,2
@peroleable,1,1,2,0.5,balanced,-0.3712169385,2
@ShaneNull,1,1,2,0.5,balanced,-0.393178588,2
@The_Kman,1,1,2,0.5,balanced,-0.05859818,2
@Tm-eg2lx,1,1,2,0.5,balanced,-0.57934469,2
@Tman76,1,1,2,0.5,balanced,-0.692974985,2
@Tony-kq6py,1,1,2,0.5,balanced,-0.12933129,2
@marvenlunn6086,1,1,2,0.5,balanced,-0.1029282875,2
@aprildawnsunshine4326,1,1,2,0.5,balanced,0.021116999999999997,2
@aquamarineagate,1,1,2,0.5,balanced,0.030968374999999992,2
@armandot9137,1,1,2,0.5,balanced,-0.281661508,2
@artbird1111,1,1,2,0.5,balanced,0.680044935,2
@asraiSOA,1,1,2,0.5,balanced,0.131456425,2
@astronautical1082,1,1,2,0.5,balanced,-0.83263034,2
@markfox1545,1,1,2,0.5,balanced,0.1326772,2
@austinhernandez2716,1,1,2,0.5,balanced,-0.129306024,2
@manuel_ao,1,1,2,0.5,balanced,0.298566,2
@makingd.o.123,1,1,2,0.5,balanced,-0.058632655000000006,2
@beezybeez24,1,1,2,0.5,balanced,-0.6714019250000001,2
@bensas42,1,1,2,0.5,balanced,0.14993683000000002,2
@maccasnz3436,1,1,2,0.5,balanced,-0.64261327,2
@m--e,1,1,2,0.5,balanced,-0.467538567,2
@lukekent9687,1,1,2,0.5,balanced,0.37264436,2
@bernardqblack,1,1,2,0.5,balanced,-0.311475171,2
@lozoft9,1,1,2,0.5,balanced,-0.33519784825,2
@louisbarbisan8471,1,1,2,0.5,balanced,-0.72479055,2
@billbogg3857,1,1,2,0.5,balanced,-0.316481387,2
@lolololol7573,1,1,2,0.5,balanced,0.10005714999999998,2
@lmcwill0502,1,1,2,0.5,balanced,0.313944475,2
@bl8388,1,1,2,0.5,balanced,0.39969741000000003,2
@anguspure,1,1,2,0.5,balanced,-0.0804456175,2
@andycordy5190,1,1,2,0.5,balanced,0.103762925,2
@andrewditton7226,1,1,2,0.5,balanced,-0.7065023699999999,2
@mpearce820,1,1,2,0.5,balanced,0.247561515,2
@navylaks2,1,1,2,0.5,balanced,-0.163022953,2
@nathanm.8823,1,1,2,0.5,balanced,-0.02301923,2
@TriNguyen-wg5np,1,1,2,0.5,balanced,-0.25831494499999996,2
@mystuff9999,1,1,2,0.5,balanced,0.129885636,2
@myplan8166,1,1,2,0.5,balanced,-0.36255276000000003,2
@TristanSharman,1,1,2,0.5,balanced,0.08129180000000003,2
@Tubetrolll,1,1,2,0.5,balanced,-0.419527765,2
@mwhearn1,1,1,2,0.5,balanced,-0.4050755975,2
@UShistorymatters,1,1,2,0.5,balanced,-0.7490294,2
@muriloamorim2731,1,1,2,0.5,balanced,0.8601137999999999,2
@monkfishmondfinsternis3162,1,1,2,0.5,balanced,-0.7309971200000001,2
@anandsharma7430,1,1,2,0.5,balanced,-0.35734596,2
@mirandelf,1,1,2,0.5,balanced,0.83703837,2
@mikemarkowski7609,1,1,2,0.5,balanced,0.75063543,2
@Want0nS0up,1,1,2,0.5,balanced,-0.364767065,2
@mikeelliott9067,1,1,2,0.5,balanced,0.23622238,2
@midbrew,1,1,2,0.5,balanced,-0.468137295,2
@abcd-z12,1,1,2,0.5,balanced,-0.1005425525,2
@akmurf7429,1,1,2,0.5,balanced,-0.6538651799999999,2
@michaelcunningham2165,1,1,2,0.5,balanced,-0.28686744,2
@michaelcap9550,1,1,2,0.5,balanced,-0.25622371650000003,2
@alexwilsonpottery3733,1,1,2,0.5,balanced,-0.63820378,2
@engineerinAhickorystripehat,1,1,2,0.5,balanced,0.087113527,2
