camp,community,community_size,mean_compound,pct_negative,active_users
denial,10,511,-0.059192981201383436,0.3575381263616558,510
denial,2,482,-0.15076010260991685,0.4617810117810118,481
denial,3,460,-0.2905974811743789,0.4630342682262795,458
denial,12,386,-0.17463079299101103,0.40396024341194053,383
denial,5,385,-0.1972884373049996,0.42372844169719165,384
denial,11,256,-0.38015972487699345,0.5689542483660132,255
denial,31,244,-0.2677141044794631,0.4637402834933699,243
denial,37,231,-0.1674862005089298,0.4135411525760745,230
denial,16,225,-0.12392914750927933,0.3557079081632653,224
denial,14,219,-0.30774796252263764,0.4882916377907362,217
denial,1,214,-0.45940039464392235,0.6139827153978097,212
denial,18,210,-0.4847474005942052,0.6951887293992558,209
denial,4,196,-0.22792975926833897,0.38584331766769725,193
denial,30,195,-0.23417563291792926,0.4180261270782454,193
denial,143,190,-0.269207889998552,0.48752955082742316,188
denial,17,188,-0.35514980564297005,0.47277893277893274,185
denial,20,188,-0.3287636967670724,0.48559189763868826,186
denial,35,185,-0.059350471419415116,0.11167184265010352,184
denial,15,174,-0.24547734669321497,0.45406000550509223,173
denial,135,133,-0.13616331600989517,0.4137461449706694,128
denial,27,128,-0.2712091418043959,0.4272959183673469,126
denial,51,125,-0.2397030271366631,0.46050179331552266,124
denial,29,124,-0.026597034622131147,0.3605191256830601,122
denial,6,99,0.5573399272372912,0.09336734693877552,98
denial,0,57,-0.2413304468499123,0.5046909775723335,57
denial,43,42,-0.34742145203852987,0.5005102040816327,42
denial,84,27,-0.26979403205895763,0.42324985970819307,24
denial,68,17,-0.43006266094177825,0.6748511904761905,16
denial,57,16,-0.17211239582022006,0.3454442383013811,14
denial,265,13,-0.5373242736410256,0.7423076923076923,13
denial,329,13,-0.18690160122008548,0.40961538461538466,12
denial,22,12,-0.43506773777636365,0.5454545454545454,11
denial,63,11,-0.17938922094833334,0.2958333333333333,10
denial,157,10,-0.23909837254545457,0.546969696969697,10
denial,77,9,-0.19615440569494047,0.36279761904761904,8
denial,450,9,-0.37276399809191174,0.5079656862745098,8
denial,64,8,-0.47472248867559524,0.7351190476190477,8
denial,158,8,-0.38695654967687076,0.6139455782312925,7
denial,169,8,-0.5182786420476191,0.6904761904761905,7
denial,47,7,-0.311993868047619,0.36507936507936506,7
denial,55,7,-0.4733522611428571,0.6666666666666666,6
denial,69,7,-0.46020522387500007,0.6666666666666666,6
denial,140,7,-0.11519218503333334,0.27777777777777773,6
denial,246,7,-0.20152037361944444,0.47222222222222227,6
denial,28,6,-0.0407349608,0.0,5
denial,58,6,0.23057937044722218,0.21944444444444447,5
denial,75,6,-0.027429107649275374,0.4695652173913043,5
denial,230,6,-0.13379164268181815,0.6090909090909091,5
denial,288,6,-0.2139088716,0.30666666666666664,5
denial,370,6,-0.3885376317,0.5,5
denial,536,6,-0.23155726031666665,0.25,6
denial,553,6,-0.6218209337352941,0.6617647058823529,6
denial,39,5,0.2731667184166667,0.10185185185185185,4
denial,45,5,-0.30167676275,0.5340909090909091,4
denial,141,5,-0.041354773250000004,0.0,4
denial,150,5,-0.6282129949999999,1.0,4
denial,193,5,-0.482529611875,0.75,4
denial,209,5,-0.36183011583333335,0.5208333333333333,4
denial,224,5,0.43993513783529414,0.21960784313725487,5
denial,369,5,0.41891412562499997,0.125,4
denial,371,5,-0.150218173875,0.3333333333333333,4
denial,391,5,-0.3653332599611111,0.4833333333333333,5
denial,429,5,-0.068441314625,0.18333333333333335,4
denial,524,5,-0.31594133371166666,0.36166666666666664,5
denial,26,4,-0.27031916,0.3333333333333333,3
denial,34,4,-0.18494910666666664,0.4444444444444444,3
denial,101,4,-0.476001368125,0.7,4
denial,116,4,-0.4171905630357143,0.5178571428571428,4
denial,124,4,-0.2010136364111111,0.38888888888888884,3
denial,147,4,-0.6297001915,0.775,4
denial,195,4,-0.5013231083333333,0.6666666666666666,3
denial,197,4,-0.63327853,0.8333333333333334,3
denial,235,4,-0.3550370759777777,0.6,3
denial,251,4,-0.18068839934722225,0.29166666666666663,4
denial,296,4,-0.19006087333333332,0.3333333333333333,3
denial,299,4,0.19268543166666668,0.125,4
denial,300,4,-0.2116441494444444,0.5,3
denial,313,4,-0.61450797125,0.7678571428571428,4
denial,344,4,-0.2962972485027778,0.5138888888888888,4
denial,366,4,0.20611552777777783,0.3333333333333333,3
denial,423,4,-0.49595180150000007,0.625,4
denial,436,4,-0.528267835,0.6666666666666666,3
denial,443,4,0.1424208401923077,0.19230769230769232,4
denial,448,4,-0.13064463316666663,0.3333333333333333,3
denial,490,4,0.1589081025,0.1875,4
denial,503,4,-0.4316326457916667,0.5,4
denial,543,4,-0.68368880328125,0.875,4
denial,653,4,-0.16166996461805555,0.3020833333333333,4
denial,704,4,-0.5375924383333334,0.6666666666666666,3
denial,717,4,-0.5112656066666666,0.611111111111111,3
denial,741,4,-0.48685513356666665,0.4,4
denial,751,4,-0.5377532060909092,0.7795454545454545,4
denial,765,4,-0.40115683555555554,0.5,3
denial,768,4,-0.43742135197916665,0.5729166666666666,4
denial,830,4,-0.09670442270454546,0.4015151515151515,4
denial,8,3,-0.4180061877777778,0.5925925925925926,3
denial,21,3,-0.33575454944444444,0.5,3
denial,44,3,-0.14323256699999998,0.0,2
denial,46,3,0.17409706500000002,0.0,2
denial,54,3,-0.7326595566666666,1.0,3
denial,56,3,-0.4757345803333333,0.6666666666666666,3
denial,59,3,-0.23228392091666666,0.25,2
denial,60,3,-0.43595951135714284,0.3333333333333333,3
denial,70,3,0.37062296333333333,0.3333333333333333,3
denial,71,3,-0.7821486875,1.0,2
denial,72,3,0.9019564275,0.0,2
denial,78,3,-0.18104686833333336,0.5,3
denial,79,3,-0.5419923833333333,0.6666666666666666,3
denial,80,3,-0.698771034,0.8333333333333334,3
denial,93,3,0.02801956533333333,0.06666666666666667,3
denial,99,3,0.012674335250000014,0.0,3
denial,103,3,-0.6733075786666666,0.8666666666666667,3
denial,107,3,-0.43520931500000004,0.75,2
denial,113,3,-0.61608206,0.8333333333333334,3
denial,114,3,-0.4973821153333333,0.8333333333333334,3
denial,121,3,-0.6895014969166667,0.9166666666666666,3
denial,126,3,-0.4746907633333333,0.6666666666666666,3
denial,129,3,-0.4379937683333333,0.8333333333333334,3
denial,130,3,-0.458299856875,0.75,2
denial,132,3,-0.2890174795,0.5,2
denial,133,3,-0.5867807308333334,0.5833333333333334,3
denial,137,3,-0.103574927435,0.0,2
denial,139,3,-0.31615680305555555,0.16666666666666666,3
denial,151,3,-0.4242217908333333,0.8333333333333334,3
denial,156,3,-0.010679708333333315,0.3333333333333333,3
denial,163,3,-0.7167668513333334,1.0,3
denial,165,3,0.15887921773333333,0.0,3
denial,166,3,-0.37073923866666664,0.3333333333333333,3
denial,168,3,-0.23836641833333336,0.3333333333333333,3
denial,177,3,-0.12762254835,0.06666666666666667,3
denial,181,3,-0.15702508788888886,0.2222222222222222,2
denial,190,3,0.04093835233333333,0.0,3
denial,210,3,-0.32663895633333334,0.5,3
denial,219,3,-0.08789080666666665,0.5,3
denial,221,3,0.05874902584444445,0.0,3
denial,225,3,-0.16255855766666663,0.48148148148148145,3
denial,227,3,-0.3215578938888889,0.5555555555555555,3
denial,231,3,-0.5006878572222222,0.8333333333333334,3
denial,236,3,-0.6156571143333334,0.7000000000000001,3
denial,239,3,-0.013025647888888917,0.5,3
denial,244,3,-0.7624971372222222,1.0,3
denial,248,3,-0.29308029716666667,0.39999999999999997,3
denial,255,3,-0.4561738705555555,0.5555555555555555,3
denial,259,3,-0.2636042433333333,0.0,3
denial,268,3,-0.08195767944444445,0.38888888888888884,3
denial,277,3,-0.4644690338888888,0.5,3
denial,285,3,-0.06882667916666664,0.3333333333333333,3
denial,290,3,-0.38472679166666673,0.6666666666666666,3
denial,291,3,-0.5607892094444444,0.8333333333333334,3
denial,295,3,-0.21124608601709402,0.37606837606837606,3
denial,297,3,-0.2759207106666667,0.3333333333333333,3
denial,298,3,-0.6620673953333333,0.7777777777777777,3
denial,301,3,-0.5827610811111111,0.75,3
denial,303,3,-0.45683220111111106,0.7222222222222222,3
denial,312,3,0.16758264216666666,0.0,3
denial,326,3,-0.15678616163333334,0.16666666666666666,3
denial,335,3,-0.7977772016666668,0.8333333333333334,3
denial,338,3,-0.34973629061111117,0.5,3
denial,341,3,-0.05749954999999999,0.5,3
denial,346,3,-0.3674807677777778,0.8333333333333334,3
denial,349,3,-0.14981734,0.5,2
denial,360,3,-0.42880781177777777,0.4444444444444445,3
denial,364,3,-0.7133904613333333,0.9333333333333332,3
denial,383,3,0.2075057733333333,0.3333333333333333,3
denial,386,3,-0.406518675,0.5555555555555555,3
denial,389,3,-0.2580127953333333,0.16666666666666666,3
denial,395,3,-0.6575294633333333,0.8333333333333334,3
denial,405,3,-0.03870408833333331,0.4444444444444444,3
denial,406,3,-0.5047549033333333,0.6666666666666666,3
denial,410,3,-0.7379108166666667,0.8333333333333334,3
denial,421,3,-0.5172766708333333,0.25,3
denial,439,3,-0.43635392666666667,0.6666666666666666,3
denial,444,3,-0.7937167313333333,1.0,3
denial,453,3,-0.43340402388888893,0.611111111111111,3
denial,459,3,-0.5558855033333333,0.5833333333333334,3
denial,469,3,-0.3005252883333333,0.27777777777777773,3
denial,473,3,-0.27228652333333336,0.6666666666666666,3
denial,475,3,-0.6482431816666666,1.0,3
denial,487,3,-0.12738160522222222,0.1111111111111111,3
denial,488,3,-0.40487729666666666,0.6666666666666666,3
denial,493,3,-0.21089508129999998,0.24615384615384617,3
denial,499,3,-0.41156457500000004,0.5,2
denial,501,3,-0.4705491941111111,0.5,3
denial,508,3,-0.16246741866666667,0.41666666666666663,2
denial,515,3,-0.29875950833333337,0.6666666666666666,3
denial,532,3,-0.42098167571733336,0.41666666666666663,2
denial,533,3,0.3655326212051282,0.15384615384615385,3
denial,537,3,-0.18232581222222222,0.25,3
denial,547,3,-0.47968240047619054,0.7380952380952381,3
denial,556,3,-0.23502463750000002,0.25,2
denial,557,3,-0.39929431499999996,0.3333333333333333,3
denial,571,3,-0.743057415,0.8888888888888888,3
denial,572,3,-0.08824909399999999,0.5,3
denial,581,3,-0.45448651291666664,0.7083333333333334,3
denial,589,3,-0.15281284500000003,0.6666666666666666,3
denial,597,3,-0.5034046085714285,0.8333333333333334,3
denial,601,3,-0.09830028877777776,0.3888888888888889,3
denial,611,3,-0.42682280583333326,0.4166666666666667,3
denial,636,3,-0.33265938,0.4444444444444444,3
denial,638,3,-0.06848086999999999,0.4444444444444444,3
denial,639,3,-0.7995089675,1.0,2
denial,640,3,-0.003927574999999998,0.16666666666666666,3
denial,673,3,-0.5346891866666666,0.6666666666666666,3
denial,682,3,-0.6307853683333333,0.9444444444444445,3
denial,683,3,-0.5527796974242424,0.8030303030303031,3
denial,730,3,-0.13550420794444443,0.4444444444444444,3
denial,762,3,0.25352799433333334,0.0,3
denial,787,3,-0.27602315,0.5,2
denial,792,3,-0.59389605,0.6666666666666666,3
denial,803,3,-0.30432431216666667,0.5333333333333333,3
denial,7,2,-0.39452214166666666,0.5,2
denial,9,2,-0.8879059924999999,1.0,2
denial,13,2,-0.42430415749999995,0.75,2
denial,19,2,-0.614767155,0.75,2
denial,23,2,-0.0919114975,0.0,2
denial,24,2,-0.40403407999999996,0.625,2
denial,25,2,-0.042365649375000036,0.25,2
denial,32,2,0.08734111650000001,0.0,2
denial,33,2,-0.42974079499999995,0.75,2
denial,36,2,-0.011583924999999995,0.5,2
denial,38,2,-0.14460227666666667,0.5,2
denial,40,2,-0.174105526,0.25,2
denial,41,2,-0.6175593516666666,1.0,2
denial,42,2,-0.5654478350000001,1.0,2
denial,48,2,0.19625513500000002,0.5,1
denial,49,2,-0.39070401742500005,0.55,2
denial,50,2,-0.19636654,0.0,2
denial,52,2,-0.215449948,0.25,2
denial,53,2,-0.58296429,0.8333333333333333,2
denial,61,2,-0.35414968,0.25,2
denial,62,2,0.230972545,0.25,2
denial,65,2,-0.6730883366666667,1.0,2
denial,66,2,0.0485869745,0.0,2
denial,67,2,0.04744815570000001,0.1,2
denial,73,2,0.16602603333333338,0.5,2
denial,74,2,-0.390178364375,0.625,2
denial,76,2,-0.2150327516666667,0.0,2
denial,81,2,0.1183436725,0.0,2
denial,82,2,-0.645207526,0.8333333333333333,2
denial,83,2,-0.23293961749999997,0.5,2
denial,85,2,-0.45159638333333335,0.6666666666666666,2
denial,86,2,-0.72740938,0.75,2
denial,87,2,-0.395251295,0.75,2
denial,88,2,-0.43924206,0.875,2
denial,89,2,-0.2819970975,0.5,2
denial,90,2,-0.13605963875,0.25,2
denial,91,2,-0.3903135735,0.5,2
denial,92,2,0.15123108975,0.25,2
denial,94,2,-0.04179256715384615,0.11538461538461539,2
denial,95,2,-0.565665078125,0.625,2
denial,96,2,0.46815510000000005,0.25,2
denial,97,2,0.111571315,0.5,1
denial,98,2,-0.41177131330000005,0.5,2
denial,100,2,-0.10232387416666669,0.5,2
denial,102,2,0.4231935875,0.0,2
denial,104,2,0.054401007500000015,0.25,2
denial,105,2,-0.24866348625,0.5,2
denial,106,2,-0.24754078249999995,0.25,2
denial,108,2,0.22075561999999999,0.5,2
denial,109,2,-0.23536825,0.75,2
denial,110,2,-0.8349563,1.0,2
denial,111,2,-0.6007219458333333,0.8333333333333333,2
denial,112,2,0.39030317833333333,0.16666666666666666,2
denial,115,2,-0.30694640775,0.125,2
denial,117,2,-0.293003065,0.25,2
denial,118,2,-0.5120149292857142,0.35714285714285715,2
denial,119,2,-0.0340086005,0.0,2
denial,120,2,-0.6992167575,1.0,2
denial,122,2,-0.587748335,0.5,2
denial,123,2,0.031771135000000006,0.25,2
denial,125,2,-0.09959754500000001,0.5,2
denial,127,2,0.19611666,0.0,2
denial,128,2,-0.73169951,1.0,2
denial,131,2,-0.5153459825,0.875,2
denial,134,2,-0.64340392625,0.875,2
denial,136,2,-0.660019905,0.75,2
denial,138,2,0.35293049499999996,0.3333333333333333,2
denial,142,2,-0.24331414,0.75,2
denial,144,2,-0.48705191999999997,0.5,1
denial,145,2,-0.17058223625,0.25,2
denial,146,2,-0.45727379133333335,0.6666666666666666,2
denial,148,2,0.363108545,0.0,2
denial,149,2,-0.265846013,0.25,2
denial,152,2,-0.6592468175,1.0,2
denial,153,2,-0.43988580525000004,0.5,2
denial,154,2,0.59441927275,0.0,2
denial,155,2,-0.713969,1.0,1
denial,159,2,-0.4646017741666667,0.5833333333333333,2
denial,160,2,-0.11049548866666667,0.16666666666666666,2
denial,161,2,0.0560337875,0.0,2
denial,162,2,-0.531847285,0.8333333333333333,2
denial,164,2,-0.846097965,1.0,2
denial,167,2,0.56796062,0.0,1
denial,170,2,-0.2208856775,0.0,2
denial,171,2,-0.51781684,1.0,1
denial,172,2,-0.050904065,0.25,2
denial,173,2,-0.4366792533333333,0.6666666666666666,2
denial,174,2,0.13110585,0.0,2
denial,175,2,-0.273710201,0.25,2
denial,176,2,-0.359628078,0.25,2
denial,178,2,-0.5807544675,0.75,2
denial,179,2,0.7699887999999999,0.0,1
denial,180,2,-0.619802775,1.0,2
denial,182,2,-0.19398107833333333,0.16666666666666666,2
denial,183,2,-0.259624563,0.4,2
denial,184,2,-0.21830365399999999,0.25,2
denial,185,2,-0.58105510125,1.0,2
denial,186,2,-0.4555149425,0.75,2
denial,187,2,0.354465035,0.0,2
denial,188,2,-0.475972465,0.25,2
denial,189,2,-0.039786930833333345,0.3333333333333333,2
denial,191,2,-0.7245516216666666,1.0,2
denial,192,2,-0.466347665,0.5,2
denial,194,2,-0.5769058925,1.0,2
denial,196,2,-0.4810654425,0.75,2
denial,198,2,-0.35185638750000003,0.25,2
denial,199,2,-0.0242541545,0.0,2
denial,200,2,-0.365847235,0.25,2
denial,201,2,0.32175025,0.25,2
denial,202,2,-0.46784975500000003,0.5,2
denial,203,2,-0.447433275,0.5,2
denial,204,2,-0.0928323825,0.25,2
denial,205,2,-0.28186190833333336,0.16666666666666666,2
denial,206,2,-0.54578965,1.0,2
denial,207,2,-0.6411445883333333,0.8333333333333333,2
denial,208,2,-0.7099372275,0.75,2
denial,211,2,-0.39602896325,0.5,2
denial,212,2,-0.06446874375,0.0,2
denial,213,2,0.3888347208333333,0.0,2
denial,214,2,-0.705377165,1.0,2
denial,215,2,-0.48089872499999997,0.5,2
denial,216,2,0.6686961433333334,0.0,1
denial,217,2,-0.16818148666666669,0.41666666666666663,2
denial,218,2,-0.5173908033333333,0.6666666666666666,2
denial,220,2,-0.30510370640000006,0.25,2
denial,222,2,-0.755639035,1.0,2
denial,223,2,-0.45204325805,0.5,2
denial,226,2,-0.27057921166666665,0.75,2
denial,228,2,-0.3422087135,0.5,2
denial,229,2,-0.60306643,0.6,2
denial,232,2,-0.2931951383333333,0.16666666666666666,2
denial,233,2,-0.19387284875,0.0,2
denial,234,2,-0.6741587183333333,1.0,2
denial,237,2,-0.6483573675000001,0.5,2
denial,238,2,0.16789534850000004,0.3,2
denial,240,2,-0.23781942250000002,0.5,1
denial,241,2,-0.06200548100000001,0.0,2
denial,242,2,0.18169732,0.5,2
denial,243,2,-0.46361426833333336,0.6666666666666666,2
denial,245,2,-0.5375309283333334,0.8333333333333333,2
denial,247,2,-0.5711324,0.6666666666666666,2
denial,249,2,-0.506004325,0.75,2
denial,250,2,-0.20233727999999998,0.25,2
denial,252,2,-0.4137666066666667,0.6666666666666666,2
denial,253,2,-0.6008374125,1.0,2
denial,254,2,-0.6577635624,0.7,2
denial,256,2,-0.6741576380000001,0.75,2
denial,257,2,-0.043356662500000004,0.5,2
denial,258,2,0.15632824,0.0,2
denial,260,2,-0.72869151,1.0,1
denial,261,2,-0.7895265812000001,0.9,2
denial,262,2,-0.23230635,0.0,2
denial,263,2,-0.72191205,1.0,2
denial,264,2,-0.6082450975,0.875,2
denial,266,2,-0.6502421083333334,1.0,2
denial,267,2,-0.59374260252,0.8,2
denial,269,2,-0.3326205175,0.5,2
denial,270,2,-0.30585025250000003,0.75,2
denial,271,2,-0.10564645825,0.0,1
denial,272,2,-0.5756005424999999,0.75,2
denial,273,2,0.426400965,0.0,2
denial,274,2,-0.5518707075,0.5,2
denial,275,2,-0.2452330125,0.5,2
denial,276,2,-0.6271754924999999,1.0,2
denial,278,2,-0.1654659275,0.5,2
denial,279,2,-0.371413996,0.6363636363636364,1
denial,280,2,-0.39101808000000005,0.0,1
denial,281,2,-0.2945285875,0.75,2
denial,282,2,-0.7400828716666668,0.8333333333333333,2
denial,283,2,-0.2899559825,0.5,2
denial,284,2,-0.62705625,0.5,1
denial,286,2,0.020041979125000012,0.0,2
denial,287,2,-0.8397557849999999,1.0,2
denial,289,2,-0.5749448125000001,1.0,2
denial,292,2,-0.801178,1.0,1
denial,293,2,-0.1031979545,0.0,2
denial,294,2,-0.4434623685,0.5,2
denial,302,2,-0.507299985,0.6666666666666666,2
denial,304,2,-0.21456505375,0.0,2
denial,305,2,0.12024202,0.0,2
denial,306,2,-0.5115719200000001,0.3333333333333333,2
denial,307,2,-0.627202974,1.0,2
denial,308,2,-0.552140665,0.75,2
denial,309,2,-0.6654135766666667,1.0,2
denial,310,2,-0.2179160235,0.25,2
denial,311,2,-0.09578273166666668,0.16666666666666666,2
denial,314,2,-0.19712790000000002,0.25,2
denial,315,2,-0.624448795,0.75,2
denial,316,2,-0.8883897,1.0,2
denial,317,2,-0.404310305,0.625,2
denial,318,2,-0.363752005,0.5,2
denial,319,2,-0.271303377,0.5,2
denial,320,2,-0.39687470999999996,0.25,2
denial,321,2,-0.502108093,0.5,2
denial,322,2,-0.227532863,0.25,2
denial,323,2,-0.5205969228333334,0.6666666666666666,2
denial,324,2,-0.531447935,0.5,2
denial,325,2,-0.5989498925,0.75,2
denial,327,2,-0.5233237377916666,0.7916666666666667,2
denial,328,2,-0.890735925,1.0,2
denial,330,2,-0.5143344249999999,0.6666666666666666,2
denial,331,2,-0.66596425,1.0,1
denial,332,2,-0.26766052883333336,0.5,2
denial,333,2,-0.39776489,0.5833333333333333,2
denial,334,2,-0.3513686075,0.75,2
denial,336,2,-0.580197815,0.6666666666666666,2
denial,337,2,-0.28837884166666666,0.6666666666666666,2
denial,339,2,-0.2971741895,0.375,2
denial,340,2,-0.46882479666666665,0.5833333333333333,2
denial,342,2,0.39239114166666667,0.0,2
denial,343,2,0.39536126000000005,0.2,2
denial,345,2,0.061359498500000005,0.0,2
denial,347,2,-0.43276698999999996,0.8333333333333333,2
denial,348,2,-0.402862802,0.25,2
denial,350,2,-0.5202675983333334,0.8333333333333333,2
denial,351,2,-0.6193942000000001,1.0,2
denial,352,2,-0.2825903795,0.25,2
denial,353,2,-0.3031967383333333,0.0,2
denial,354,2,-0.8309182125,1.0,2
denial,355,2,-0.2838951585,0.25,2
denial,356,2,-0.5068254325,0.6666666666666666,2
denial,357,2,-0.03406494575000002,0.25,2
denial,358,2,-0.282793995,0.5,2
denial,359,2,-0.23788951749999998,0.3333333333333333,2
denial,361,2,-0.5080648237500001,1.0,2
denial,362,2,-0.46571804525,0.5,2
denial,363,2,-0.06225712116666668,0.0,2
denial,365,2,-0.5100807700000001,0.5,2
denial,367,2,-0.07766878999999999,0.25,2
denial,368,2,-0.35224402499999996,0.25,1
denial,372,2,-0.495450985,0.5,2
denial,373,2,0.3333369925,0.0,2
denial,374,2,-0.5367774908333334,0.8333333333333333,2
denial,375,2,-0.7287905299999999,1.0,2
denial,376,2,-0.3967650833333333,0.3333333333333333,2
denial,377,2,-0.7201342875,1.0,2
denial,378,2,-0.42715742999999995,0.5,1
denial,379,2,-0.46513450933333333,0.6666666666666666,2
denial,380,2,-0.6866112566666667,0.8333333333333333,2
denial,381,2,-0.37796800875000003,0.5,2
denial,382,2,-0.498689505,0.5,2
denial,384,2,-0.057873207750000016,0.25,2
denial,385,2,-0.7949855175,1.0,2
denial,387,2,-0.4008425,0.75,2
denial,388,2,-0.47643450499999995,0.5,2
denial,390,2,0.2051036125,0.25,2
denial,392,2,0.14309749749999998,0.25,2
denial,393,2,0.052800366875000004,0.0,2
denial,394,2,-0.32422631125,0.25,2
denial,396,2,-0.5546351147142857,0.7857142857142857,2
denial,397,2,-0.484400086,0.5,2
denial,398,2,-0.276498075,0.25,2
denial,399,2,0.8055802000000001,0.0,2
denial,400,2,-0.48334313500000003,0.8333333333333333,2
denial,401,2,-0.41046255666666664,0.5833333333333333,2
denial,402,2,-0.340895885,0.75,2
denial,403,2,-0.6259935433333333,0.75,2
denial,404,2,-0.566541395,0.5,2
denial,407,2,-0.5509748674999999,0.5833333333333333,2
denial,408,2,-0.58720359425,0.75,2
denial,409,2,-0.575084505,0.75,2
denial,411,2,-0.07512463750000001,0.5,2
denial,412,2,0.1276790285,0.25,2
denial,413,2,0.17834659249999996,0.25,2
denial,414,2,-0.2988607875,0.5,2
denial,415,2,-0.46050889125,0.375,2
denial,416,2,-0.81612609,1.0,2
denial,417,2,-0.15701828600000003,0.25,2
denial,418,2,-0.2690256336666667,0.16666666666666666,2
denial,419,2,-0.62399094,1.0,2
denial,420,2,-0.38867879716666665,0.41666666666666663,2
denial,422,2,-0.08985439550000002,0.25,2
denial,424,2,-0.3366924625,0.6666666666666666,2
denial,425,2,0.24869648166666664,0.16666666666666666,2
denial,426,2,-0.17665585166666664,0.0,2
denial,427,2,-0.8006610283333333,1.0,2
denial,428,2,-0.476805641,0.75,2
denial,430,2,0.21057876875000003,0.25,2
denial,431,2,-0.07953997549999997,0.25,2
denial,432,2,0.0874918675,0.29166666666666663,2
denial,433,2,-0.25498640650000004,0.25,2
denial,434,2,-0.1751757425,0.5,2
denial,435,2,-0.03553157499999998,0.5,2
denial,437,2,-0.4004988875,0.75,2
denial,438,2,-0.42052987166666667,0.6666666666666666,2
denial,440,2,-0.650987168,0.7,2
denial,441,2,0.0887462725,0.25,2
denial,442,2,0.56809976375,0.0,2
denial,445,2,-0.03684434319999999,0.2,2
denial,446,2,-0.383067339,0.5,2
denial,447,2,-0.06131594000000001,0.5,2
denial,449,2,-0.30460227233333337,0.3333333333333333,2
denial,451,2,0.35384493499999997,0.25,2
denial,452,2,-0.7745603366666667,1.0,2
denial,454,2,-0.7505388675,1.0,2
denial,455,2,0.30944746240000004,0.1,2
denial,456,2,-0.5923017125000001,0.75,2
denial,457,2,-0.46899447250000004,0.4166666666666667,2
denial,458,2,-0.7182386266666667,1.0,2
denial,460,2,-0.5864607325,0.75,2
denial,461,2,-0.32362912333333327,0.5,2
denial,462,2,-0.72443742375,0.875,2
denial,463,2,-0.62270864,1.0,2
denial,464,2,-0.08334766675,0.0,2
denial,465,2,0.04618889649999999,0.25,2
denial,466,2,-0.6241278145,0.7857142857142857,2
denial,467,2,-0.09290054416666665,0.4166666666666667,2
denial,468,2,-0.2751022635,0.25,2
denial,470,2,-0.409580805,0.25,2
denial,471,2,0.0316727795,0.0,2
denial,472,2,-0.262397625,0.375,2
denial,474,2,-0.6874288225,0.75,2
denial,476,2,-0.21203754916666664,0.41666666666666663,2
denial,477,2,-0.33625419749999996,0.5,2
denial,478,2,0.3417252225,0.25,2
denial,479,2,-0.49555693724999994,0.75,2
denial,480,2,-0.50809214,0.6666666666666666,2
denial,481,2,0.03596412249999997,0.25,2
denial,482,2,-0.24837499258333331,0.16666666666666666,2
denial,483,2,-0.5319628925,0.75,2
denial,484,2,-0.49622885875,0.75,2
denial,485,2,-0.24122805000000003,0.25,2
denial,486,2,-0.57224809075,0.75,2
denial,489,2,0.04322232283333333,0.0,2
denial,491,2,-0.4630557675,0.75,2
denial,492,2,-0.53877445,1.0,2
denial,494,2,-0.22221589675,0.41666666666666663,2
denial,495,2,-0.40698884750000003,0.5416666666666666,2
denial,496,2,-0.8152449749999999,1.0,2
denial,497,2,-0.6542948375,0.875,2
denial,498,2,-0.38486042,0.5,2
denial,500,2,-0.33505222749999997,0.25,2
denial,502,2,0.10992666499999998,0.5,2
denial,504,2,0.42526864999999997,0.0,1
denial,505,2,0.49951851249999996,0.0,2
denial,506,2,-0.601335399,0.75,2
denial,507,2,0.3785938555,0.0,2
denial,509,2,-0.6732450083333333,1.0,2
denial,510,2,-0.2025366766666667,0.5,2
denial,511,2,-0.15204723833333333,0.5833333333333333,2
denial,512,2,-0.7233105291666666,1.0,2
denial,513,2,-0.12709688383333337,0.5,2
denial,514,2,-0.20164712999999998,0.0,2
denial,516,2,0.028610860000000016,0.5,2
denial,517,2,-0.0112656525,0.0,2
denial,518,2,-0.10639671749999999,0.0,2
denial,519,2,-0.026032699999999964,0.5,1
denial,520,2,0.01736038750000002,0.5,2
denial,521,2,-0.25118925,0.5,2
denial,522,2,-0.5917740925,0.5,2
denial,523,2,0.039375914999999984,0.5,2
denial,525,2,-0.40362326,0.5,2
denial,526,2,-0.33380461499999997,0.375,2
denial,527,2,0.043843929749999996,0.0,2
denial,528,2,-0.09266698500000004,0.5,2
denial,529,2,-0.17559830999999998,0.25,2
denial,530,2,0.35303882350000004,0.25,2
denial,531,2,-0.600802905,0.75,2
denial,534,2,-0.7850708083333333,1.0,2
denial,535,2,-0.26198303,0.5,2
denial,538,2,-0.42420832750000004,1.0,2
denial,539,2,-0.5883917733333333,0.6666666666666666,2
denial,540,2,-0.3174720947142857,0.42857142857142855,2
denial,541,2,-0.5431417252857142,0.7857142857142857,2
denial,542,2,-0.6197130675,0.75,2
denial,544,2,-0.019117737499999992,0.125,2
denial,545,2,-0.6512408475,0.75,2
denial,546,2,-0.17303518125,0.25,2
denial,548,2,-0.523340825,0.5,2
denial,549,2,-0.31415442225,0.5,2
denial,550,2,-0.2872547225,0.41666666666666663,2
denial,551,2,-0.07094481406666668,0.16666666666666666,2
denial,552,2,0.04476198425,0.0,1
denial,554,2,0.39369321150000003,0.0,2
denial,555,2,-0.37286948000000003,0.6666666666666666,2
denial,558,2,-0.071270681,0.25,2
denial,559,2,-0.800226145,1.0,2
denial,560,2,-0.510697655,0.75,2
denial,561,2,-0.2227966395,0.3333333333333333,2
denial,562,2,-0.26193646875,0.375,2
denial,563,2,0.12692531500000004,0.5,2
denial,564,2,-0.5265014241666667,0.75,2
denial,565,2,-0.3807592535,0.5,2
denial,566,2,0.1779714825,0.25,2
denial,567,2,-0.7073642625000001,1.0,2
denial,568,2,-0.30118254708333336,0.5833333333333333,2
denial,569,2,0.0329046425,0.25,2
denial,570,2,-0.2555385866666667,0.3333333333333333,2
denial,573,2,-0.5753812,1.0,1
denial,574,2,0.05893618666666668,0.16666666666666666,2
denial,575,2,0.2443672325,0.25,2
denial,576,2,-0.20678163500000002,0.0,2
denial,577,2,-0.2931395695,0.75,2
denial,578,2,0.1095361175,0.0,2
denial,579,2,0.33793679115249997,0.0,2
denial,580,2,-0.7162247749999999,1.0,2
denial,582,2,0.12680177666666667,0.16666666666666666,2
denial,583,2,-0.1907428575,0.0,2
denial,584,2,0.0779997125,0.0,2
denial,585,2,-0.3437484025,0.5,2
denial,586,2,-0.38759631083333335,0.625,2
denial,587,2,-0.18089465275,0.25,2
denial,588,2,-0.43262191299999997,0.5,2
denial,590,2,0.14889423699999998,0.25,2
denial,591,2,-0.515844425,0.5,2
denial,592,2,0.24018888249999995,0.25,2
denial,593,2,0.0719726,0.5,2
denial,594,2,-0.4672709013,0.375,2
denial,595,2,-0.5645475025,1.0,2
denial,596,2,-0.473687358375,0.6666666666666666,2
denial,598,2,-0.49913875625000004,0.875,2
denial,599,2,0.135735615,0.0,2
denial,600,2,-0.3577849375,0.5,2
denial,602,2,-0.37456901,0.25,2
denial,603,2,-0.19331414375,0.5,2
denial,604,2,-0.40983681675,0.5,2
denial,605,2,0.10518241749999999,0.25,2
denial,606,2,-0.39514691,0.75,2
denial,607,2,-0.410588105,0.75,2
denial,608,2,-0.294071565,0.5,2
denial,609,2,-0.714654655,0.875,2
denial,610,2,0.08072708325000001,0.25,2
denial,612,2,-0.3996697425,0.5,2
denial,613,2,-0.59609809375,0.875,2
denial,614,2,0.14010954315833332,0.16666666666666666,2
denial,615,2,-0.4975866825,0.75,2
denial,616,2,0.013486945000000028,0.5,2
denial,617,2,-0.07722083675000002,0.25,2
denial,618,2,-0.5334740649999999,0.5,2
denial,619,2,-0.5677467174999999,0.75,2
denial,620,2,0.12128057749999996,0.41666666666666663,2
denial,621,2,-0.8352147025000001,1.0,1
denial,622,2,-0.04939416,0.0,2
denial,623,2,-0.1537494325,0.75,2
denial,624,2,0.106085035,0.0,2
denial,625,2,-0.437269065,0.5,2
denial,626,2,-0.75305568,1.0,2
denial,627,2,-0.3790359316666667,0.5833333333333333,2
denial,628,2,0.31801357333333335,0.0,2
denial,629,2,-0.33311369,0.5,2
denial,630,2,0.18586007400000004,0.25,2
denial,631,2,-0.3221394275,0.5,2
denial,632,2,-0.388030534,0.6666666666666666,2
denial,633,2,-0.4249697025,0.5833333333333333,2
denial,634,2,-0.6045402375,0.75,2
denial,635,2,-0.6922329133333334,0.8333333333333333,2
denial,637,2,0.3843842975,0.0,2
denial,641,2,-0.6640532125,0.75,2
denial,642,2,0.145202826,0.0,2
denial,643,2,-0.2929292225,0.25,2
denial,644,2,-0.2822432096208334,0.4583333333333333,2
denial,645,2,0.5833539750000001,0.0,2
denial,646,2,-0.1212805525,0.5,2
denial,647,2,-0.594502775,0.75,2
denial,648,2,0.648297082,0.0,1
denial,649,2,-0.87275904,1.0,2
denial,650,2,-0.568759215,1.0,2
denial,651,2,-0.22654873499999997,0.5,2
denial,652,2,-0.30198466525,0.625,2
denial,654,2,-0.786132375,1.0,2
denial,655,2,-0.2040283475,0.5,2
denial,656,2,-0.64118301,0.7,2
denial,657,2,-0.5829908850000001,0.75,2
denial,658,2,-0.19218619958333336,0.25,2
denial,659,2,-0.5059942725,0.5,2
denial,660,2,-0.7313741300000001,1.0,2
denial,661,2,-0.4831665855,0.5,2
denial,662,2,-0.475529815,0.75,2
denial,663,2,-0.352520305,0.75,2
denial,664,2,-0.35701485749999995,0.75,2
denial,665,2,0.16071337249999995,0.375,2
denial,666,2,-0.1753284798,0.25,2
denial,667,2,-0.5647827916666668,0.5,2
denial,668,2,0.34784259625,0.125,2
denial,669,2,-0.703549949,0.9,2
denial,670,2,-0.3302491891666667,0.5833333333333333,2
denial,671,2,-0.32366024150000006,0.375,2
denial,672,2,-0.5246671574999999,0.5,2
denial,674,2,-0.0013367749999999984,0.0,2
denial,675,2,0.17848950500000005,0.5,1
denial,676,2,-0.21541499625,0.0,2
denial,677,2,-0.1294506225,0.5,2
denial,678,2,0.13675722875000001,0.0,2
denial,679,2,0.9292288,0.0,1
denial,680,2,-0.261412845,0.5,2
denial,681,2,0.42615359999999997,0.3333333333333333,2
denial,684,2,-0.6741573875,0.75,2
denial,685,2,-0.3786948153333333,0.5,2
denial,686,2,0.55279895,0.125,2
denial,687,2,0.9374029133333334,0.0,1
denial,688,2,-0.27667306850000006,0.25,2
denial,689,2,-0.48801110999999997,0.75,2
denial,690,2,-0.2423825455,0.4,2
denial,691,2,-0.13599422375,0.125,2
denial,692,2,0.07019396166666667,0.3333333333333333,2
denial,693,2,-0.23697335333333333,0.3333333333333333,2
denial,694,2,-0.696687755,0.8333333333333333,2
denial,695,2,-0.8005113775000001,1.0,2
denial,696,2,-0.825455025,1.0,2
denial,697,2,-0.484092635,1.0,2
denial,698,2,-0.015297067499999983,0.5,2
denial,699,2,-0.6677922199999999,0.5,2
denial,700,2,-0.03786651,0.16666666666666666,2
denial,701,2,-0.591069195,0.75,2
denial,702,2,-0.53627761,0.5,2
denial,703,2,-0.592111365,0.75,2
denial,705,2,-0.8313355600000001,1.0,2
denial,706,2,-0.5439508275,0.875,2
denial,707,2,0.016215654999999995,0.0,2
denial,708,2,-0.3063582245,0.25,2
denial,709,2,-0.43720559999999997,0.75,2
denial,710,2,-0.10256762833333334,0.08333333333333333,2
denial,711,2,0.11133970500000001,0.5,2
denial,712,2,-0.7228977249999999,1.0,2
denial,713,2,-0.21273187666666665,0.3333333333333333,2
denial,714,2,-0.41214109,0.75,2
denial,715,2,-0.762321625,1.0,2
denial,716,2,0.15159427000000003,0.5,1
denial,718,2,-0.761150435,1.0,2
denial,719,2,0.44013209875000003,0.16666666666666666,2
denial,720,2,0.11629149083333333,0.0,2
denial,721,2,-0.4680611625,0.5,2
denial,722,2,-0.764363185,1.0,2
denial,723,2,-0.2674408255,0.3333333333333333,2
denial,724,2,0.16243584,0.25,2
denial,725,2,0.0502673725,0.0,2
denial,726,2,-0.7580284066666667,1.0,2
denial,727,2,-0.1447576505,0.25,2
denial,728,2,0.31411294333333334,0.3333333333333333,2
denial,729,2,-0.5324618575,0.75,2
denial,731,2,-0.04564254025,0.0,2
denial,732,2,-0.29334335,0.75,2
denial,733,2,-0.3778922083333333,0.5,2
denial,734,2,-0.32907499625,0.25,2
denial,735,2,-0.4409709675,0.5,2
denial,736,2,-0.581417365,0.5,2
denial,737,2,-0.45832654860000005,0.5,2
denial,738,2,-0.037976757500000013,0.5,2
denial,739,2,-0.7558327899999999,1.0,2
denial,740,2,0.11324139224999999,0.0,2
denial,742,2,-0.60628537375,1.0,2
denial,743,2,-0.537385065,0.75,2
denial,744,2,-0.606846055,0.75,2
denial,745,2,-0.4132731475,0.5,2
denial,746,2,-0.08598763999999998,0.5,2
denial,747,2,-0.32788460950000003,0.25,2
denial,748,2,0.34257674,0.0,2
denial,749,2,0.09256973375,0.25,2
denial,750,2,-0.4387303425,0.5,2
denial,752,2,-0.5254221925,0.75,2
denial,753,2,-0.056440964999999996,0.0,1
denial,754,2,-0.5676643233333334,0.6666666666666666,2
denial,755,2,-0.359243265,0.6666666666666666,2
denial,756,2,0.06986167999999993,0.5,2
denial,757,2,-0.5305654707999999,0.8,2
denial,758,2,-0.39385147,0.5,2
denial,759,2,-0.662303925,1.0,2
denial,760,2,-0.7260588299999999,1.0,2
denial,761,2,0.025860739999999993,0.25,2
denial,763,2,0.11746739,0.5,2
denial,764,2,-0.48812383299999995,0.75,2
denial,766,2,-0.433897525625,0.4375,2
denial,767,2,0.06813860900000002,0.4,2
denial,769,2,-0.5949199316666667,1.0,2
denial,770,2,-0.22829227766666665,0.3333333333333333,2
denial,771,2,-0.618436,1.0,2
denial,772,2,-0.31901231750000003,0.25,2
denial,773,2,0.03395445600000001,0.0,2
denial,774,2,-0.03689316225000001,0.0,2
denial,775,2,-0.7808549525,1.0,2
denial,776,2,-0.12008137499999999,0.5,2
denial,777,2,-0.6666667,1.0,2
denial,778,2,-0.27444440999999997,0.5,2
denial,779,2,-0.1687288,0.25,2
denial,780,2,0.1815308575,0.0,2
denial,781,2,-0.362861635,0.5,2
denial,782,2,-0.008835320750000014,0.25,2
denial,783,2,-0.33896214,0.6666666666666666,1
denial,784,2,0.09802180499999999,0.0,2
denial,785,2,-0.333303075,0.75,2
denial,786,2,-0.6730646650000001,0.75,2
denial,788,2,-0.16948774,0.0,1
denial,789,2,-0.47138350949999996,0.875,2
denial,790,2,-0.3941975475,0.25,2
denial,791,2,0.17324383499999996,0.25,2
denial,793,2,0.45481927499999997,0.0,2
denial,794,2,-0.5690362215,0.8,2
denial,795,2,-0.06569788250000003,0.0,2
denial,796,2,-0.1566619575,0.0,2
denial,797,2,-0.49939391,1.0,2
denial,798,2,-0.43260666999999997,0.75,2
denial,799,2,-0.391303925,0.8333333333333333,2
denial,800,2,-0.2857898325,0.25,2
denial,801,2,-0.8794713599999999,1.0,2
denial,802,2,-0.5362781775,1.0,2
denial,804,2,-0.46012787,0.75,2
denial,805,2,-0.39211299083333334,0.41666666666666663,2
denial,806,2,0.7657808349999999,0.0,2
denial,807,2,0.09112102600000002,0.25,2
denial,808,2,-0.3708136025,0.25,2
denial,809,2,-0.32572750775,0.5,2
denial,810,2,-0.567767015,1.0,2
denial,811,2,-0.00461977500000002,0.5,2
denial,812,2,0.39647336,0.25,2
denial,813,2,-0.47857291,0.75,2
denial,814,2,-0.41974939499999997,0.25,2
denial,815,2,0.10084215999999999,0.25,2
denial,816,2,-0.3941217885,0.25,2
denial,817,2,-0.45859374199999997,0.65,2
denial,818,2,-0.4066205325,0.75,2
denial,819,2,-0.48261514499999997,0.75,2
denial,820,2,0.26654507833333335,0.16666666666666666,2
denial,821,2,0.5152694766666667,0.0,2
denial,822,2,-0.3961862,0.75,2
denial,823,2,-0.7588596750000001,1.0,2
denial,824,2,-0.059854125,0.0,1
denial,825,2,-0.639563925,1.0,2
denial,826,2,-0.31261778749999997,0.5,2
denial,827,2,-0.69658595,0.75,2
denial,828,2,0.184493815,0.5,2
denial,829,2,-0.38432124833333337,0.3333333333333333,2
denial,831,2,-0.5815834275,0.6666666666666666,2
denial,832,2,-0.384620026,0.4,2
denial,833,2,0.1439945725,0.25,2
denial,834,2,0.12671530749999999,0.25,2
denial,835,2,-0.82693485,1.0,2
denial,836,2,-0.56568033,0.8333333333333333,2
denial,837,2,-0.6003648016666667,0.5,2
denial,838,2,-0.567324175,0.75,2
denial,839,2,-0.653877825,1.0,2
denial,840,2,-0.5243604825,0.75,2
denial,841,2,-0.4391234783333333,0.3333333333333333,2
denial,842,2,-0.34729024750000004,0.75,2
denial,843,2,-0.430348025,0.75,2
denial,844,2,0.024762895833333326,0.16666666666666666,2
denial,845,2,-0.47309741749999995,0.5,2
denial,846,2,-0.10232605833333333,0.6666666666666666,2
denial,847,2,-0.24349202166666667,0.41666666666666663,2
denial,848,2,-0.31123685,0.75,2
denial,849,2,-0.281823315,0.25,2
denial,850,2,-0.852163915,1.0,2
denial,851,2,-0.42454491916666665,0.5833333333333333,2
denial,852,2,-0.6506770562499999,0.875,2
denial,853,2,0.11829797933333333,0.3333333333333333,2
denial,854,2,-0.029865108499999994,0.0,2
denial,855,2,-0.3485609575,0.5,2
denial,856,2,0.07843033333333332,0.0,2
denial,857,2,-0.39097167,0.75,2
denial,858,2,0.21555202675,0.0,2
denial,859,2,-0.5554977875,0.5,2
denial,860,2,-0.20885098116666667,0.41666666666666663,2
denial,861,2,-0.06746263,0.25,2
denial,862,2,0.5323823875,0.0,2
denial,863,2,-0.4531632331666666,0.5833333333333333,2
denial,864,2,-0.457793895,0.75,2
denial,865,2,-0.7682143,1.0,1
denial,866,2,-0.031522705,0.25,2
denial,867,2,-0.5557588,0.5,2
denial,868,2,-0.41789611499999996,0.8333333333333333,2
denial,869,2,-0.0678157,0.0,2
denial,870,2,-0.13328031124999998,0.25,2
denial,871,2,-0.11942411101666665,0.0,2
denial,872,2,-0.14999985666666668,0.3333333333333333,1
denial,873,2,-0.7579365650000001,0.8333333333333333,2
denial,874,2,-0.42580058790624997,0.59375,2
denial,875,2,0.06291551749999999,0.25,2
denial,876,2,-0.18232190500000003,0.5,1
denial,877,2,0.08629836499999999,0.25,2
denial,878,2,-0.431536605,0.5,2
denial,879,2,0.11335345275000003,0.3333333333333333,2
denial,880,2,-0.688609555,0.75,2
denial,881,2,-0.1386872475,0.0,2
denial,882,2,-0.17052805999999998,0.25,2
denial,883,2,-0.012290117974999997,0.0,2
denial,884,2,0.378346615,0.25,2
science,446,62,-0.0463392715321403,0.38019762766837334,59
science,677,31,-0.09152406595283882,0.29819139194139194,28
science,160,23,-0.3804571258438215,0.5676964149504196,23
science,130,21,-0.306981762764718,0.5295530492898914,19
science,406,18,-0.27172609147600923,0.43224913494809686,17
science,4,17,-0.1264100930140625,0.36354166666666665,16
science,139,16,-0.0887069193,0.4711111111111111,15
science,87,15,0.09105488912670068,0.17568027210884354,14
science,225,13,-0.31648314493055557,0.5583333333333333,12
science,483,12,-0.21480660032995172,0.3955643390425999,11
science,132,11,-0.355249626205,0.36666666666666664,10
science,15,10,0.3145482402033012,0.2783816425120773,9
science,288,10,-0.17010105313461538,0.28384615384615386,10
science,61,9,-0.18340015812171054,0.3114035087719298,8
science,118,9,-0.3640357572057218,0.5861823361823362,9
science,435,9,-0.38250186467613634,0.6136363636363636,8
science,205,8,-0.15113509868809524,0.23809523809523808,7
science,407,8,0.159223811125,0.08630952380952381,8
science,23,7,0.49607720361111113,0.25,6
science,49,7,-0.0024085978583333243,0.25,6
science,115,7,-0.28210786615079364,0.5873015873015873,6
science,349,7,-0.11901991791208795,0.3241758241758242,7
science,18,6,-0.39170577115,0.5,5
science,75,6,-0.3905694363309524,0.36904761904761907,6
science,223,6,-0.16544486386666665,0.5142857142857142,5
science,236,6,0.28174163533333335,0.18666666666666668,5
science,270,6,-0.2319197196633333,0.4,5
science,358,6,0.18610147421333334,0.0,5
science,29,5,-0.10534732887500001,0.25,4
science,107,5,-0.006934210886904761,0.18452380952380953,4
science,108,5,-0.34801286877777776,0.513888888888889,4
science,131,5,-0.2913307845847619,0.4438095238095238,5
science,183,5,-0.2723398940833333,0.5,4
science,252,5,0.05170289031250003,0.4375,4
science,307,5,-0.12425765941428571,0.38571428571428573,5
science,315,5,-0.13925680720833333,0.25,4
science,330,5,-0.20956750017200002,0.3,5
science,335,5,-0.24876195175,0.5700000000000001,5
science,396,5,-0.3947332793333333,0.6333333333333333,5
science,488,5,0.2637253451125,0.125,4
science,515,5,0.2181409435625,0.1875,4
science,544,5,-0.6184239279142857,0.7142857142857142,5
science,661,5,0.08521588019215687,0.19019607843137254,5
science,7,4,-0.4465826370181818,0.6424242424242425,4
science,48,4,-0.5356666625000001,0.9,4
science,52,4,-0.017386042499999994,0.4444444444444444,3
science,76,4,-0.40876431966666665,0.5,3
science,78,4,0.059999281171875,0.1875,4
science,80,4,0.55872863,0.16666666666666666,3
science,171,4,-0.3156962315,0.3333333333333333,3
science,177,4,0.38619750279166665,0.08333333333333333,4
science,229,4,0.5329653065714286,0.16666666666666666,3
science,237,4,0.26109310356578946,0.013157894736842105,4
science,241,4,-0.07076107925000003,0.4,4
science,257,4,-0.06403072388636363,0.10606060606060605,4
science,260,4,0.07719178305444445,0.3333333333333333,3
science,299,4,-0.4005853703809524,0.2619047619047619,3
science,417,4,0.054548322499999996,0.16666666666666666,3
science,438,4,-0.3437977116666666,0.5833333333333333,4
science,459,4,-0.4538309633333333,0.6041666666666666,4
science,477,4,-0.3126901830361111,0.3611111111111111,4
science,487,4,-0.35657458290875,0.4125,4
science,509,4,-0.3149703716666667,0.4166666666666667,4
science,512,4,-0.2558681575416667,0.4270833333333333,4
science,514,4,-0.73197969375,0.9375,4
science,523,4,0.08235574506250001,0.28125,4
science,548,4,-0.397045992675,0.5833333333333334,3
science,613,4,-0.11675225624242425,0.06818181818181818,4
science,619,4,-0.4055581655,0.3333333333333333,3
science,624,4,-0.13878580275,0.4,4
science,672,4,-0.0902464385,0.3,4
science,746,4,0.28283816084722224,0.1875,3
science,758,4,0.060746553816666646,0.18333333333333335,4
science,780,4,0.13054768857142857,0.48214285714285715,4
science,817,4,-0.3979158315,0.4642857142857143,2
science,868,4,-0.4014172777916667,0.375,4
science,944,4,-0.10031794753125,0.3125,4
science,0,3,-0.37474299027777774,0.5555555555555555,3
science,6,3,-0.47258592833333335,0.5,3
science,13,3,0.368349435,0.16666666666666666,2
science,14,3,-0.39448540000000004,0.3333333333333333,3
science,16,3,-0.2973562175333333,0.6,3
science,24,3,0.13134989033333333,0.0,2
science,28,3,-0.27980442466666666,0.5,3
science,31,3,0.1909892185714286,0.2380952380952381,3
science,33,3,0.826555725,0.0,2
science,40,3,-0.33112247899999997,0.3333333333333333,3
science,41,3,-0.4322535166666666,0.8333333333333334,3
science,46,3,-0.055942613249999995,0.0,2
science,53,3,-0.43356133599999996,0.5,3
science,64,3,0.268007505,0.0,2
science,68,3,-0.5385940933333333,0.8666666666666667,3
science,70,3,-0.40484410888888894,0.3333333333333333,3
science,74,3,-0.17007250322222223,0.3444444444444444,3
science,81,3,-0.13233362622222222,0.38888888888888884,3
science,84,3,0.29489833000000004,0.25,2
science,85,3,-0.041984925555555545,0.4444444444444444,3
science,91,3,-0.11422398416666664,0.16666666666666666,3
science,93,3,-0.2608250673333334,0.4583333333333333,3
science,94,3,-0.15862183205555555,0.0,3
science,98,3,-0.7808694616666667,1.0,3
science,102,3,-0.8036248216666667,1.0,3
science,110,3,-0.221862635,0.3055555555555555,3
science,114,3,-0.4376023666666667,0.5,2
science,119,3,-0.7628751433333333,1.0,3
science,126,3,0.0774408966666667,0.3333333333333333,3
science,134,3,-0.4889344776190476,0.6904761904761904,3
science,136,3,0.49109938950000004,0.0,2
science,137,3,0.06756791722222222,0.0,3
science,143,3,-0.30466617833333337,0.3333333333333333,3
science,149,3,-0.0024288004444444344,0.0,3
science,151,3,0.25367108574999997,0.0,2
science,153,3,0.11345226555555554,0.1111111111111111,3
science,158,3,0.221641998675,0.0,2
science,159,3,0.14462863137500004,0.3333333333333333,3
science,161,3,-0.45066487544444445,0.4444444444444444,3
science,170,3,-0.44562921948717954,0.5512820512820512,3
science,173,3,0.66772789675,0.0,2
science,176,3,-0.4775943843333333,0.5333333333333333,3
science,178,3,0.625951935625,0.0,2
science,184,3,-0.17817443209999997,0.5666666666666667,3
science,191,3,-0.619454009962963,0.7592592592592592,3
science,207,3,0.31742095833333334,0.16666666666666666,3
science,209,3,0.039630404444444434,0.5,3
science,215,3,-0.5182808366666667,0.7222222222222222,3
science,216,3,-0.06339371816666668,0.3333333333333333,3
science,217,3,0.3943384609166667,0.16666666666666666,2
science,221,3,-0.2652293411111111,0.5555555555555555,3
science,224,3,-0.050356244999999994,0.3333333333333333,3
science,226,3,0.14279472333333335,0.3333333333333333,3
science,232,3,-0.49333087866666664,0.6666666666666666,3
science,238,3,-0.3915557033333334,0.5,3
science,240,3,0.23803280716666667,0.3333333333333333,2
science,242,3,-0.15256188866666667,0.5333333333333333,3
science,245,3,0.09763633333333332,0.5,3
science,250,3,0.015343749999999979,0.25,2
science,254,3,-0.3350013983333333,0.3333333333333333,3
science,261,3,0.023111784322222256,0.3444444444444444,3
science,269,3,-0.20332557110555557,0.27777777777777773,3
science,274,3,-0.6237603766666666,0.8333333333333334,3
science,276,3,-0.3547037925,0.5,2
science,280,3,-0.3722660915416667,0.5833333333333334,3
science,284,3,-0.6795230613333333,0.8333333333333334,3
science,285,3,-0.09003448100000001,0.13333333333333333,3
science,301,3,-0.1107918,0.41666666666666663,2
science,305,3,-0.2336231175,0.0,2
science,310,3,-0.17527413499999997,0.1111111111111111,3
science,311,3,-0.41842210500000004,0.5,3
science,318,3,-0.2576325373333333,0.3333333333333333,3
science,320,3,-0.33613226944444446,0.38888888888888884,3
science,322,3,0.35656657321428575,0.11904761904761905,3
science,325,3,-0.607972675,0.6666666666666666,3
science,341,3,-0.285435135,0.4166666666666667,3
science,352,3,0.14780664404761903,0.3333333333333333,3
science,353,3,-0.34203547500000003,0.5555555555555555,3
science,359,3,0.05966795488888888,0.0,3
science,360,3,-0.062100818787833335,0.0,3
science,364,3,-0.08732277333333334,0.25,2
science,367,3,-0.4562035066666667,0.6666666666666666,3
science,368,3,-0.288290017,0.16666666666666666,3
science,377,3,-0.561214695,0.6666666666666666,3
science,379,3,-0.6685025894444445,1.0,3
science,381,3,-0.6044590866666666,0.7777777777777777,3
science,386,3,-0.48647714999999997,0.7777777777777777,3
science,387,3,0.2151925846666667,0.1,2
science,392,3,-0.54401343625,0.75,2
science,394,3,-0.344816085,0.5,3
science,401,3,-0.11731455166666666,0.16666666666666666,3
science,402,3,-0.15281569,0.0,2
science,413,3,-0.5526561530555555,0.8333333333333334,3
science,418,3,-0.24077128283333335,0.16666666666666666,3
science,421,3,-0.29522130627777776,0.3333333333333333,3
science,423,3,-0.385201345,0.5,2
science,424,3,-0.5539811428333333,0.75,3
science,425,3,0.05992127833333333,0.0,3
science,428,3,-0.6895249333333333,0.8333333333333334,3
science,439,3,-0.10434705666666666,0.5555555555555555,3
science,442,3,-0.11052643099999997,0.5,3
science,443,3,-0.30407448033333334,0.3333333333333333,3
science,450,3,0.3543176225,0.25,2
science,451,3,-0.7828596566666667,1.0,3
science,452,3,-0.3994861708888889,0.5555555555555555,3
science,455,3,-0.6088069016666666,0.5,3
science,457,3,-0.265940635,0.3333333333333333,3
science,472,3,-0.2756820422708333,0.5277777777777778,3
science,478,3,-0.2242232748888889,0.2222222222222222,3
science,486,3,-0.7179957466666668,0.8333333333333334,3
science,498,3,-0.09503413630833335,0.5333333333333333,3
science,505,3,0.15114914638888888,0.3333333333333333,3
science,516,3,-0.33840259476190476,0.42063492063492064,3
science,527,3,-0.1103875906111111,0.1111111111111111,3
science,531,3,0.011013786666666673,0.3333333333333333,3
science,535,3,-0.23532720000000004,0.16666666666666666,3
science,543,3,-0.4888902377777778,0.6666666666666666,3
science,549,3,-0.14446286114285714,0.4523809523809524,3
science,550,3,-0.35258916611111113,0.3333333333333333,3
science,553,3,-0.07638480866666668,0.43333333333333335,3
science,556,3,-0.3574517675,0.5,3
science,563,3,-0.26510032161111113,0.3888888888888889,3
science,568,3,-0.28438889222222224,0.5,3
science,572,3,-0.7778483883333334,0.9166666666666667,2
science,577,3,-0.4182161678888889,0.5,3
science,588,3,-0.32407104988888885,0.27777777777777773,3
science,591,3,0.246740057,0.16666666666666666,3
science,592,3,-0.35037862000000003,0.16666666666666666,3
science,593,3,-0.5972015925151516,0.7424242424242425,3
science,594,3,-0.39848748977777776,0.38888888888888884,3
science,595,3,-0.3356394494952381,0.3047619047619048,3
science,596,3,-0.25917738933333334,0.3333333333333333,3
science,601,3,-0.15423687166666666,0.6666666666666666,3
science,612,3,-0.3681648927777778,0.5277777777777778,3
science,622,3,-0.6249249736666666,0.75,3
science,626,3,0.7056591879999999,0.0,2
science,628,3,-0.3369101131666667,0.3,3
science,641,3,-0.7010207416666666,1.0,3
science,645,3,-0.5312004525,0.75,2
science,646,3,-0.33529665,0.5,2
science,647,3,-0.16931839833333337,0.3333333333333333,3
science,654,3,0.00494783393333333,0.2333333333333333,3
science,660,3,-0.6984051711111112,0.8333333333333334,3
science,669,3,-0.23838989,0.16666666666666666,3
science,671,3,-0.32166755122222224,0.45555555555555555,3
science,674,3,-0.49615796522222216,0.5833333333333334,3
science,678,3,-0.47489844249999996,0.5,2
science,692,3,-0.2870407371428571,0.2619047619047619,3
science,693,3,-0.5488999173333333,0.5833333333333334,3
science,695,3,-0.16765468133333336,0.5,3
science,698,3,-0.6470032355555556,0.8888888888888888,3
science,706,3,-0.11793481766666669,0.3333333333333333,3
science,714,3,-0.04762853716666666,0.0,3
science,717,3,-0.12590895666666665,0.16666666666666666,3
science,734,3,-0.7102544742222222,0.9444444444444445,3
science,740,3,0.7778959175,0.0,2
science,744,3,-0.52455094,0.6666666666666666,3
science,749,3,-0.32558105000000004,0.5,3
science,757,3,0.05665333066666667,0.3333333333333333,3
science,761,3,0.07114921499999999,0.3333333333333333,3
science,763,3,0.04435091311111111,0.1111111111111111,3
science,770,3,0.27409070066666663,0.14285714285714285,3
science,795,3,0.6009764837777778,0.16666666666666666,3
science,796,3,-0.39810870244444446,0.5555555555555555,3
science,797,3,-0.6370802114285713,0.8571428571428571,3
science,800,3,-0.47520533888888883,0.7777777777777777,3
science,804,3,0.28166905383333335,0.25,3
science,805,3,-0.1630507251611111,0.1111111111111111,3
science,809,3,0.4671180733650793,0.09523809523809523,3
science,827,3,-0.43889519888888895,0.3055555555555555,3
science,831,3,-0.46484096263333335,0.6166666666666667,3
science,847,3,-0.19106598666666666,0.3333333333333333,3
science,871,3,-0.261839871,0.3333333333333333,3
science,886,3,0.10069542238095237,0.35714285714285715,3
science,889,3,-0.057199757500000024,0.5,2
science,894,3,0.2428147035,0.0,2
science,910,3,-0.27820133966666666,0.6,3
science,927,3,-0.06341588761904762,0.30952380952380953,3
science,929,3,-0.3115700518555556,0.2222222222222222,3
science,935,3,-0.49156492871428564,0.5714285714285715,3
science,942,3,-0.6524707141666667,0.8333333333333334,3
science,997,3,-0.4654030433333334,0.5,3
science,1016,3,-0.5176506926666666,0.6777777777777777,3
science,1,2,-0.37954687275,0.5,2
science,2,2,-0.415119152,0.5,2
science,3,2,0.14733806,0.25,2
science,5,2,-0.74154787,1.0,2
science,8,2,-0.17176937625000002,0.375,2
science,9,2,-0.3544806585,0.2,2
science,10,2,-0.282731184325,0.25,2
science,11,2,-0.478791365625,0.6875,2
science,12,2,0.2653790625,0.25,2
science,17,2,0.0630117,0.5,2
science,19,2,-0.7648117216666667,1.0,2
science,20,2,-0.15449656550000002,0.0,2
science,21,2,0.982834295,0.0,2
science,22,2,-0.410712215,0.75,2
science,25,2,-0.5308739284999999,0.75,2
science,26,2,-0.29262819166666665,0.3333333333333333,2
science,27,2,0.18568795100000002,0.0,2
science,30,2,0.03155516000000001,0.0,2
science,32,2,0.27572423617647057,0.29411764705882354,2
science,34,2,0.14804585,0.0,1
science,35,2,-0.17555503416666668,0.25,2
science,36,2,0.22406205500000004,0.0,2
science,37,2,-0.666369056,0.8333333333333333,2
science,38,2,-0.261700668,0.5,2
science,39,2,-0.635906635,1.0,2
science,42,2,0.67597935,0.0,1
science,43,2,-0.5371160724999999,1.0,2
science,44,2,0.004018537500000002,0.0,2
science,45,2,-0.6207977,1.0,2
science,47,2,0.8491894600000001,0.0,1
science,50,2,-0.20040767999999998,0.375,2
science,51,2,-0.2028820815,0.25,2
science,54,2,-0.29185506150000007,0.5,2
science,55,2,-0.4076533925,0.625,2
science,56,2,-0.804675245,1.0,2
science,57,2,-0.08645189500000003,0.5,2
science,58,2,0.439261775,0.25,2
science,59,2,-0.90023545,1.0,2
science,60,2,-0.69066794,1.0,2
science,62,2,-0.4279824133333333,0.8333333333333333,2
science,63,2,-0.2287562365,0.5,2
science,65,2,-0.4804123416666667,0.8333333333333333,2
science,66,2,-0.48291941250000003,0.5,2
science,67,2,0.04660356000000001,0.0,2
science,69,2,-0.5155800175,0.25,2
science,71,2,-0.18419722933333332,0.5,2
science,72,2,-0.35051883,0.25,2
science,73,2,0.3412863625,0.25,2
science,77,2,-0.400624055125,0.5,2
science,79,2,0.215004676625,0.125,2
science,82,2,0.43532749499999995,0.0,2
science,83,2,-0.3583524345,0.3,2
science,86,2,0.709708394,0.0,2
science,88,2,0.08178855749999997,0.5,2
science,89,2,0.09008332875,0.0,2
science,90,2,-0.4169300142,0.2,2
science,92,2,-0.40021616,0.5,2
science,95,2,-0.8028575575000001,1.0,2
science,96,2,-0.319827975,0.25,2
science,97,2,0.3334188780666667,0.16666666666666666,2
science,99,2,-0.56737728,0.75,2
science,100,2,-0.6706626675,1.0,2
science,101,2,0.10523458674999998,0.25,2
science,103,2,-0.7016805066666667,1.0,2
science,104,2,-0.7727280675,1.0,2
science,105,2,-0.35630587,0.5,2
science,106,2,-0.128720405,0.25,2
science,109,2,-0.5094265075,0.375,2
science,111,2,-0.31558809440999996,0.375,2
science,112,2,-0.056099750000000004,0.3333333333333333,2
science,113,2,-0.211035525,0.5,2
science,116,2,-0.539203625,0.75,2
science,117,2,-0.3423331625,0.5,2
science,120,2,-0.5232926575,0.25,2
science,121,2,0.26830673833333335,0.41666666666666663,2
science,122,2,-0.33134611249999996,0.625,2
science,123,2,-0.7406167674999999,1.0,2
science,124,2,0.4569851025,0.0,2
science,125,2,0.395345693,0.0,1
science,127,2,-0.8077200075,1.0,2
science,128,2,-0.34205132833333335,0.41666666666666663,2
science,129,2,-0.2566553256,0.5,2
science,133,2,0.56268056,0.0,2
science,135,2,-0.3820715275,0.5,2
science,138,2,0.055457385,0.25,2
science,140,2,-0.4773621225,0.5,2
science,141,2,-0.3420503075,0.5,2
science,142,2,-0.19328478537500002,0.25,2
science,144,2,-0.329281475,0.5,2
science,145,2,-0.211918317425,0.25,2
science,146,2,0.19500498075,0.25,2
science,147,2,-0.2927911483333333,0.3333333333333333,2
science,148,2,-0.179981165,0.5,2
science,150,2,-0.085385442,0.16666666666666666,2
science,152,2,-0.11244290375000002,0.0,2
science,154,2,-0.5297373750000001,0.8333333333333333,2
science,155,2,-0.58710446175,0.875,2
science,156,2,-0.48458,0.6666666666666666,2
science,157,2,0.2614263525,0.25,2
science,162,2,0.315370421,0.25,2
science,163,2,0.391875505,0.125,2
science,164,2,-0.32308903209999995,0.5,2
science,165,2,0.31155026249999995,0.25,2
science,166,2,0.008551988036666668,0.0,2
science,167,2,0.10721089750000001,0.25,2
science,168,2,-0.468955356575,0.5,2
science,169,2,-0.31830750333333335,0.3333333333333333,2
science,172,2,-0.5258674950000001,0.5,2
science,174,2,-0.3905842975,0.25,2
science,175,2,-0.32634115799999996,0.5333333333333333,2
science,179,2,-0.21441806000000002,0.25,2
science,180,2,-0.25052051983333334,0.5833333333333333,2
science,181,2,-0.1900401085,0.25,2
science,182,2,0.12832617833333332,0.5,2
science,185,2,-0.22807028150000003,0.25,2
science,186,2,-0.40426479749999994,0.5,2
science,187,2,-0.0023794099999999993,0.0,1
science,188,2,-0.1486708575,0.0,2
science,189,2,-0.21320179025000002,0.25,2
science,190,2,-0.65404615,0.5,2
science,192,2,-0.8948535125,1.0,2
science,193,2,-0.3345951225,0.5,2
science,194,2,-0.6238277516666667,1.0,2
science,195,2,-0.04471496400000001,0.0,2
science,196,2,-0.7576526225,0.75,2
science,197,2,-0.5029534355,0.8333333333333333,2
science,198,2,0.20572004,0.0,2
science,199,2,-0.5785127299999999,0.75,2
science,200,2,-0.45215591666666666,1.0,2
science,201,2,0.3246304525,0.25,2
science,202,2,-0.345039215,0.25,2
science,203,2,-0.5509968075,1.0,2
science,204,2,-0.11191177333333333,0.3333333333333333,2
science,206,2,0.3191612925,0.0,1
science,208,2,-0.432379890125,0.75,2
science,210,2,-0.43780501,0.5,2
science,211,2,-0.23600764249999998,0.25,2
science,212,2,-0.56377554,0.8333333333333333,2
science,213,2,-0.4977821901,0.75,2
science,214,2,-0.31859678425,0.375,2
science,218,2,0.0501892983333333,0.3333333333333333,2
science,219,2,-0.12277137050000002,0.25,2
science,220,2,-0.600057555,0.75,2
science,222,2,-0.67901636,1.0,2
science,227,2,-0.17406241249999999,0.5,2
science,228,2,-0.49777921035,0.5,2
science,230,2,-0.336925585,0.5,2
science,231,2,-0.1344429921666667,0.3333333333333333,2
science,233,2,0.002281233750000014,0.25,2
science,234,2,0.981584115,0.0,1
science,235,2,0.8643829054166667,0.0,2
science,239,2,-0.8531064325,1.0,2
science,243,2,-0.41478631833333335,0.5833333333333333,2
science,244,2,-0.28346218,0.5,2
science,246,2,0.34327175249999997,0.25,2
science,247,2,0.54426275,0.0,2
science,248,2,-0.587819975,1.0,2
science,249,2,-0.6724925325,1.0,2
science,251,2,0.10292095525,0.0,2
science,253,2,-0.69947395,0.8333333333333333,2
science,255,2,-0.7665356325,1.0,2
science,256,2,-0.104582512,0.0,1
science,258,2,-0.430903555,0.75,2
science,259,2,-0.61436223,0.75,2
science,262,2,0.16035930999999998,0.3333333333333333,2
science,263,2,0.05888004249999998,0.25,2
science,264,2,0.019493896666666677,0.3333333333333333,1
science,265,2,0.9104952733333334,0.0,1
science,266,2,-0.5775155351500001,0.75,2
science,267,2,0.0026882383333333287,0.3333333333333333,2
science,268,2,-0.46801549749999993,0.5,2
science,271,2,-0.7811107500000001,1.0,2
science,272,2,-0.3527913953571429,0.07142857142857142,2
science,273,2,-0.3653449555,0.75,2
science,275,2,-0.2605332717142857,0.35714285714285715,2
science,277,2,-0.6455840205,0.75,2
science,278,2,-0.435990110175,0.75,2
science,279,2,0.86413047,0.0,2
science,281,2,-0.33952929500000006,0.5,2
science,282,2,-0.20091327250000002,0.5,2
science,283,2,-0.711182115,0.75,2
science,286,2,-0.517150105,0.75,2
science,287,2,-0.8445027025,1.0,2
science,289,2,-0.09314431166666666,0.0,2
science,290,2,-0.09656842450000003,0.25,2
science,291,2,0.08883769,0.0,2
science,292,2,-0.2504368475,0.5,2
science,293,2,0.64346719,0.0,1
science,294,2,-0.33112252499999995,0.75,2
science,295,2,-0.45281483,0.5,2
science,296,2,0.09718331250000001,0.25,2
science,297,2,-0.45993626666666665,0.5,2
science,298,2,-0.128610465,0.25,2
science,300,2,-0.7528059333333333,1.0,1
science,302,2,-0.37288369,0.5,2
science,303,2,-0.07993572303571428,0.5,2
science,304,2,-0.4766809475,0.5,2
science,306,2,-0.321481715,0.3333333333333333,2
science,308,2,-0.2644163721875,0.5625,2
science,309,2,0.08358952249999996,0.5,2
science,312,2,-0.39624624499999994,0.5,2
science,313,2,-0.723087825,1.0,2
science,314,2,-0.221035847,0.25,2
science,316,2,-0.52387644125,0.875,2
science,317,2,-0.45345739125,0.375,2
science,319,2,-0.053675500833333334,0.3333333333333333,2
science,321,2,-0.6816296150000001,1.0,2
science,323,2,-0.7038859508333334,1.0,2
science,324,2,-0.6611112750000001,0.75,2
science,326,2,-0.5875848,1.0,1
science,327,2,-0.24667979500000004,0.5,2
science,328,2,0.05117134000000001,0.25,2
science,329,2,-0.4398990775,0.5,2
science,331,2,-0.10252141675000001,0.16666666666666666,2
science,332,2,-0.282029447,0.625,2
science,333,2,-0.48566009000000004,0.5,2
science,334,2,0.135869798,0.0,1
science,336,2,-0.6244377624999999,0.75,2
science,337,2,-0.49805319875,0.5,2
science,338,2,-0.5901467825,0.75,2
science,339,2,-0.3991216325,0.5,2
science,340,2,-0.5595746025,0.75,2
science,342,2,-0.360360785,0.75,2
science,343,2,-0.04455803000000001,0.3333333333333333,2
science,344,2,-0.7160873633333333,0.8333333333333333,2
science,345,2,0.041920292499999956,0.5,2
science,346,2,0.110750482,0.0,1
science,347,2,0.6716444810000001,0.0,2
science,348,2,-0.2947336725,0.25,2
science,350,2,0.06373060833333333,0.5,2
science,351,2,-0.26509923525,0.25,2
science,354,2,0.07013878749999997,0.5,2
science,355,2,-0.20725748975,0.0,2
science,356,2,0.6969632324999999,0.0,2
science,357,2,-0.42698122313,0.43333333333333335,2
science,361,2,-0.6885515499999999,1.0,2
science,362,2,-0.680720675,1.0,2
science,363,2,-0.29493673666666664,0.41666666666666663,2
science,365,2,-0.8452359875,1.0,2
science,366,2,0.21933028000000002,0.3333333333333333,1
science,369,2,0.34472444666666663,0.3333333333333333,1
science,370,2,0.89139322125,0.0,2
science,371,2,-0.30258741,0.75,2
science,372,2,-0.27631077,0.5,2
science,373,2,-0.31649660249999995,0.75,2
science,374,2,-0.58651904,0.6666666666666666,2
science,375,2,-0.5607242025,0.8333333333333333,2
science,376,2,-0.3729913584583333,0.41666666666666663,2
science,378,2,-0.52150884,0.5,2
science,380,2,0.02655763099999997,0.3,2
science,382,2,-0.562341375,0.5,2
science,383,2,-0.0881138625,0.0,2
science,384,2,-0.70337211975,0.875,2
science,385,2,-0.11356714300000001,0.25,2
science,388,2,-0.5701645766666666,0.6666666666666666,2
science,389,2,0.3002847166666666,0.0,1
science,390,2,-0.56782851,1.0,2
science,391,2,-0.11714905400000003,0.5,2
science,393,2,-0.25527048685000003,0.25,2
science,395,2,-0.6786057216666668,0.8333333333333333,2
science,397,2,-0.41107894,0.5,2
science,398,2,0.035043681,0.0,2
science,399,2,-0.031346812050000034,0.25,2
science,400,2,-0.7917740066666665,1.0,2
science,403,2,0.4196399235,0.0,1
science,404,2,-0.872974865,1.0,2
science,405,2,-0.805967325,1.0,2
science,408,2,0.06454661562500001,0.0,2
science,409,2,-0.20690105575,0.5,2
science,410,2,-0.41350638,0.5,2
science,411,2,-0.44834838374999997,0.5,2
science,412,2,-0.5499485425,0.5,2
science,414,2,-0.436016096,0.35,2
science,415,2,0.141436267375,0.25,2
science,416,2,-0.3859895225,0.5,2
science,419,2,-0.557660255,0.6333333333333333,2
science,420,2,-0.48083884125,0.5,2
science,422,2,-0.340495695,0.25,2
science,426,2,-0.2676179515,0.0,2
science,427,2,-0.4994961525,0.75,2
science,429,2,-0.5404269912499999,0.75,2
science,430,2,0.07786249,0.25,2
science,431,2,-0.10026251,0.25,2
science,432,2,-0.7071322250000001,1.0,2
science,433,2,-0.609726655,0.5,1
science,434,2,-0.15728409425,0.16666666666666666,2
science,436,2,-0.11550130431818179,0.4090909090909091,2
science,437,2,-0.04842839099999999,0.0,2
science,440,2,-0.3435207977,0.2,2
science,441,2,-0.4510827,0.75,2
science,444,2,-0.5003166316666667,0.6666666666666666,2
science,445,2,-0.49172869,0.5,2
science,447,2,0.12922185,0.0,2
science,448,2,-0.5511251220000001,0.75,2
science,449,2,-0.48991459,0.5,2
science,453,2,0.306659415,0.0,2
science,454,2,-0.7441804875,1.0,2
science,456,2,0.00029938749999997016,0.5,2
science,458,2,-0.29662314166666665,0.3333333333333333,2
science,460,2,-0.182461992,0.25,2
science,461,2,-0.61882485,0.5833333333333333,2
science,462,2,-0.6349205600000001,0.75,2
science,463,2,-0.64982437,0.75,2
science,464,2,-0.5105921923,0.7,2
science,465,2,-0.3953820795833334,0.47916666666666663,2
science,466,2,-0.2974508785,0.375,2
science,467,2,-0.5169565616666667,0.8333333333333333,2
science,468,2,-0.1614454305,0.25,2
science,469,2,0.35844985,0.0,2
science,470,2,-0.5985044975,0.75,2
science,471,2,-0.31406902999999997,0.0,2
science,473,2,-0.66381903,1.0,1
science,474,2,-0.417997715,0.5833333333333333,2
science,475,2,0.11123521766666666,0.16666666666666666,2
science,476,2,0.16316682999999998,0.5,2
science,479,2,-0.5303564583333333,0.6666666666666666,2
science,480,2,-0.45227407333333336,0.5833333333333333,2
science,481,2,-0.32274341333333334,0.5,2
science,482,2,-0.4431192225,0.25,2
science,484,2,-0.1511349995,0.1,2
science,485,2,-0.5865588675,0.5,2
science,489,2,0.6679884,0.0,2
science,490,2,-0.7928977675,1.0,2
science,491,2,-0.24368511,0.5,2
science,492,2,-0.31953058125,0.25,2
science,493,2,-0.30315160500000005,0.5,2
science,494,2,0.2860695175,0.0,2
science,495,2,-0.6726959875,1.0,2
science,496,2,0.5307337050000001,0.25,2
science,497,2,-0.40970846499999997,1.0,2
science,499,2,-0.4985436166666667,0.6666666666666666,2
science,500,2,-0.38745933224999995,0.5,2
science,501,2,-0.49831332375000004,0.625,2
science,502,2,0.07745271749999999,0.0,2
science,503,2,0.2889964075,0.0,2
science,504,2,-0.42776728500000005,0.75,2
science,506,2,-0.196338955,0.25,2
science,507,2,-0.4301142925,0.5,2
science,508,2,0.3897883764375,0.1875,2
science,510,2,-0.336096915,0.25,2
science,511,2,-0.38361009850000005,0.5,2
science,513,2,-0.39086288375,0.375,2
science,517,2,-0.5738878098333333,0.7083333333333334,2
science,518,2,-0.2441891575,0.75,2
science,519,2,0.26850807,0.5,2
science,520,2,0.6826681800000001,0.0,2
science,521,2,-0.4379378705,0.5,2
science,522,2,-0.2420105485,0.25,2
science,524,2,-0.393965509575,0.5,2
science,525,2,0.20081958125,0.0,2
science,526,2,-0.8419378075,1.0,2
science,528,2,-0.08713026175,0.0,2
science,529,2,-0.45881864785,0.625,2
science,530,2,-0.12020878832500001,0.0,2
science,532,2,0.34249753499999996,0.0,2
science,533,2,-0.5509679974999999,1.0,2
science,534,2,-0.7422296766666667,1.0,2
science,536,2,0.3975389583333333,0.16666666666666666,2
science,537,2,-0.04378215000000002,0.5,2
science,538,2,-0.0446740575,0.5,2
science,539,2,-0.27317142916666665,0.41666666666666663,2
science,540,2,-0.8831744666666667,1.0,2
science,541,2,-0.35051524,0.25,2
science,542,2,0.012212601249999996,0.0,2
science,545,2,-0.2416847073333333,0.16666666666666666,2
science,546,2,-0.41480961125,0.25,2
science,547,2,0.45136475499999995,0.25,2
science,551,2,-0.049199185000000034,0.5,2
science,552,2,-0.725839975,1.0,2
science,554,2,0.25765818845,0.0,2
science,555,2,-0.66281073,1.0,1
science,557,2,0.07031085833333334,0.3333333333333333,2
science,558,2,-0.28021610207142855,0.2857142857142857,2
science,559,2,-0.6009372325,0.75,2
science,560,2,-0.15999887875000002,0.5,2
science,561,2,-0.7909650425,1.0,2
science,562,2,-0.1054485232,0.0,2
science,564,2,-0.29524769700000003,0.25,2
science,565,2,-0.534536495,0.25,2
science,566,2,-0.83846428,1.0,2
science,567,2,-0.4844624375,0.625,2
science,569,2,-0.11250690625,0.25,2
science,570,2,0.41733034999999996,0.25,2
science,571,2,-0.28767571000000003,0.25,2
science,573,2,-0.34487977000000003,0.5,2
science,574,2,-0.20975692933333334,0.25,2
science,575,2,-0.58207457,1.0,2
science,576,2,-0.47391538333333333,0.6666666666666666,2
science,578,2,0.453389,0.25,2
science,579,2,-0.12994736216666666,0.25,2
science,580,2,-0.038828258333333324,0.41666666666666663,2
science,581,2,-0.796122185,1.0,2
science,582,2,-0.310018405,0.25,2
science,583,2,-0.317105325,0.75,2
science,584,2,-0.297072503,0.7,2
science,585,2,-0.26035795624999997,0.25,2
science,586,2,-0.2984689075,0.75,2
science,587,2,-0.627447535,1.0,2
science,589,2,-0.425012155,0.8333333333333333,2
science,590,2,-0.312078787,0.5,2
science,597,2,-0.48970503425,0.5,2
science,598,2,-0.145769974125,0.25,2
science,599,2,0.42793653750000005,0.25,2
science,600,2,0.179168,0.25,2
science,602,2,-0.697427445,0.75,2
science,603,2,-0.39129305000000003,0.5,1
science,604,2,0.12899622083333334,0.16666666666666666,2
science,605,2,-0.09470647499999996,0.5,2
science,606,2,-0.38885487,0.5,2
science,607,2,-0.653280238,0.8,2
science,608,2,-0.055154006325000005,0.5,2
science,609,2,0.0635382333333333,0.0,2
science,610,2,0.202253144,0.0,2
science,611,2,-0.5198273325,0.75,2
science,614,2,-0.674120125,1.0,2
science,615,2,-0.610613055,0.75,2
science,616,2,-0.75634868,0.75,2
science,617,2,-0.5464287775,0.8333333333333333,2
science,618,2,0.21532328999999997,0.0,2
science,620,2,-0.34566973999999995,0.25,2
science,621,2,-0.48123323500000004,1.0,2
science,623,2,-0.39645925683333333,0.5833333333333333,2
science,625,2,-0.40955979,0.25,2
science,627,2,-0.31454098750000004,0.5,2
science,629,2,-0.25381297599999997,0.5,2
science,630,2,-0.4161929275,0.5,2
science,631,2,-0.3303204575,0.75,2
science,632,2,-0.536334895,0.75,2
science,633,2,-0.21328841866666665,0.0,2
science,634,2,-0.444566985,0.25,2
science,635,2,-0.16472561966666666,0.16666666666666666,2
science,636,2,-0.4122159133333333,0.6666666666666666,2
science,637,2,0.09090577325000002,0.25,2
science,638,2,-0.4687356375,0.8333333333333333,2
science,639,2,-0.32865841975,0.625,2
science,640,2,-0.4598377175,0.5,2
science,642,2,0.17711955333333335,0.3333333333333333,2
science,643,2,-0.5441970425,0.5,2
science,644,2,0.08684389999999997,0.3888888888888889,2
science,648,2,-0.2787092904,0.2,2
science,649,2,0.04204540500000001,0.5,2
science,650,2,-0.33600777587499997,0.625,2
science,651,2,-0.13371676999999998,0.25,2
science,652,2,-0.337937735,0.0,2
science,653,2,-0.6766523,0.75,2
science,655,2,-0.43604529999999997,0.75,2
science,656,2,-0.13473436,0.0,2
science,657,2,-0.6414122,1.0,2
science,658,2,0.012410518500000002,0.0,2
science,659,2,-0.305206845,0.75,2
science,662,2,-0.5645131700833333,0.5833333333333333,2
science,663,2,0.13254815833333333,0.16666666666666666,2
science,664,2,-0.08820728250000001,0.375,2
science,665,2,-0.2396726441666667,0.41666666666666663,2
science,666,2,-0.4653986925,0.5,2
science,667,2,-0.6677008666666667,1.0,2
science,668,2,-0.32202923333333333,0.41666666666666663,2
science,670,2,-0.08031645799999997,0.35,2
science,673,2,0.22650873500000002,0.25,2
science,675,2,-0.25594879575,0.25,2
science,676,2,-0.3920375408333333,0.41666666666666663,2
science,679,2,-0.3569751953,0.6,2
science,680,2,0.129374565,0.0,2
science,681,2,-0.3391854405,0.5,2
science,682,2,-0.5722481533333333,1.0,2
science,683,2,0.037858775000000004,0.16666666666666666,2
science,684,2,-0.26120167099999997,0.25,2
science,685,2,-0.51112736075,0.6666666666666666,2
science,686,2,-0.3383113675,0.5,2
science,687,2,-0.0778138065,0.0,2
science,688,2,-0.03817728175,0.0,2
science,689,2,-0.42168065749999994,0.5,2
science,690,2,-0.539452955,1.0,2
science,691,2,-0.7486031075,1.0,2
science,694,2,0.32768336075000004,0.0,2
science,696,2,0.18525944324999993,0.0,2
science,697,2,-0.2141819715,0.25,2
science,699,2,-0.41991775024999994,0.5,2
science,700,2,-0.511160575,0.75,2
science,701,2,-0.4764734075,0.75,2
science,702,2,0.343172625,0.25,2
science,703,2,-0.2801861595833333,0.41666666666666663,2
science,704,2,-0.783117725,1.0,2
science,705,2,-0.1839465425,0.25,2
science,707,2,-0.48848888500000004,0.75,2
science,708,2,-0.41178686750000004,0.5,2
science,709,2,-0.36034768266666667,0.3333333333333333,2
science,710,2,-0.43780600325,0.75,2
science,711,2,-0.7069866125,1.0,2
science,712,2,-0.42277513212499995,0.5,2
science,713,2,-0.145948895,0.5,2
science,715,2,-0.22887184333333332,0.6666666666666666,2
science,716,2,-0.6205302433333333,1.0,2
science,718,2,-0.3145366175,0.5,2
science,719,2,-0.5454465383333333,0.8333333333333333,2
science,720,2,-0.7196760449999999,0.8333333333333333,2
science,721,2,-0.407821605,0.5,2
science,722,2,-0.5485179906666666,0.6666666666666666,2
science,723,2,-0.29027928833333333,0.3333333333333333,2
science,724,2,-0.03282614166666667,0.16666666666666666,2
science,725,2,-0.6587764216666667,0.8333333333333333,2
science,726,2,-0.7942162749999999,1.0,2
science,727,2,-0.421801305,0.5,2
science,728,2,-0.46489669749999996,0.75,2
science,729,2,-0.22404927500000002,0.25,2
science,730,2,-0.9088417775,1.0,2
science,731,2,0.3645253466666667,0.16666666666666666,2
science,732,2,-0.15864618916666667,0.43333333333333335,2
science,733,2,0.01487506600000002,0.16666666666666666,2
science,735,2,0.279345705,0.25,2
science,736,2,-0.71957042875,0.875,2
science,737,2,-0.70876935,1.0,2
science,738,2,-0.4866574566666667,0.6666666666666666,2
science,739,2,-0.3477203841666667,0.3333333333333333,2
science,741,2,-0.577749907875,0.75,2
science,742,2,-0.737567985,1.0,2
science,743,2,-0.5303380962500001,0.375,2
science,745,2,-0.563119405,0.75,1
science,747,2,-0.718725015,1.0,2
science,748,2,-0.49321561999999997,0.75,2
science,750,2,-0.37071434999999997,0.5,1
science,751,2,-0.2871753875,0.625,2
science,752,2,-0.739453465,1.0,2
science,753,2,0.3738263075,0.0,2
science,754,2,-0.12567788249999998,0.25,2
science,755,2,-0.11017328499999998,0.25,2
science,756,2,0.11967329236666667,0.0,2
science,759,2,-0.5103170575,0.875,2
science,760,2,0.24341159999999998,0.0,2
science,762,2,-0.673163635,1.0,2
science,764,2,-0.699387325,0.8333333333333333,2
science,765,2,0.580585675,0.0,1
science,766,2,-0.39231430749999996,0.5,2
science,767,2,-0.5018596425,0.75,2
science,768,2,-0.63809218125,0.875,2
science,769,2,-0.479793347,0.6666666666666666,2
science,771,2,0.045912407,0.0,1
science,772,2,-0.021160171100000007,0.1,2
science,773,2,-0.326226305,0.25,2
science,774,2,-0.38710322175,0.5,2
science,775,2,-0.41550551,0.5,2
science,776,2,-0.5886017133333333,1.0,1
science,777,2,0.18500851666666665,0.0,2
science,778,2,0.159610125,0.25,2
science,779,2,-0.38041286875,0.5416666666666666,2
science,781,2,-0.488146223475,0.75,2
science,782,2,-0.09648041500000001,0.25,2
science,783,2,-0.56937089375,0.75,2
science,784,2,0.1978163125,0.25,2
science,785,2,-0.2211006425,0.0,2
science,786,2,0.14413083177826086,0.08695652173913043,2
science,787,2,-0.2612612675,0.25,2
science,788,2,0.03921737249999999,0.25,2
science,789,2,0.010725937966666665,0.0,2
science,790,2,-0.49632546499999997,0.5,2
science,791,2,-0.7719768425,1.0,2
science,792,2,-0.297049989,0.5,2
science,793,2,-0.06443104166666666,0.16666666666666666,2
science,794,2,0.27438506,0.25,2
science,798,2,-0.5827970650000001,0.5,2
science,799,2,0.35680741000000005,0.0,2
science,801,2,0.07970406299999999,0.2,2
science,802,2,-0.7715219849999999,1.0,2
science,803,2,-0.75703589,1.0,2
science,806,2,0.48637538750000003,0.25,2
science,807,2,-0.7607662435714286,0.9285714285714286,2
science,808,2,-0.08919184062499999,0.0,2
science,810,2,-0.45859305000000006,0.5,2
science,811,2,-0.6469975050000001,1.0,2
science,812,2,0.1584956775,0.0,2
science,813,2,-0.27061986866666665,0.16666666666666666,2
science,814,2,-0.19530424833333332,0.0,2
science,815,2,-0.5862711924999999,0.75,2
science,816,2,-0.5977881,0.75,2
science,818,2,-0.82645675,1.0,2
science,819,2,-0.5653664373333334,0.6666666666666666,2
science,820,2,-0.25613554625,0.5,2
science,821,2,-0.265963135,0.25,2
science,822,2,-0.7130755564133333,0.8333333333333333,2
science,823,2,0.3397456318466667,0.0,1
science,824,2,-0.1593731831,0.16666666666666666,2
science,825,2,-0.314625345,0.25,2
science,826,2,-0.6978882883333333,1.0,2
science,828,2,-0.702476535,1.0,2
science,829,2,-0.58712927025,0.75,2
science,830,2,-0.42550372833333333,0.3333333333333333,2
science,832,2,-0.11091717250000001,0.25,2
science,833,2,-0.1395428825,0.25,2
science,834,2,-0.0120501093,0.125,2
science,835,2,-0.387508975,0.6666666666666666,2
science,836,2,-0.52777757,0.75,2
science,837,2,-0.34075949,0.25,1
science,838,2,-0.31989173574999996,0.25,2
science,839,2,-0.33498559699999997,0.3,2
science,840,2,-0.27476526333333334,0.3333333333333333,2
science,841,2,-0.151004426,0.25,2
science,842,2,-0.5995169325,1.0,2
science,843,2,-0.6107301300000001,0.6666666666666666,2
science,844,2,-0.3600698,0.75,2
science,845,2,-0.027714749999999996,0.0,2
science,846,2,0.8104628883333334,0.0,2
science,848,2,-0.17371758166666668,0.3333333333333333,2
science,849,2,-0.23446333733333335,0.3333333333333333,1
science,850,2,-0.16737807500000002,0.5,2
science,851,2,-0.3228325267075,0.5,2
science,852,2,-0.056664896666666686,0.16666666666666666,2
science,853,2,-0.2790173,0.5,2
science,854,2,-0.5380879267142857,0.5,2
science,855,2,0.281577237,0.0,1
science,856,2,-0.09831440050000001,0.16666666666666666,2
science,857,2,-1.746799999999271e-05,0.5,2
science,858,2,-0.4680656875,0.75,2
science,859,2,-0.5164451045,0.8333333333333333,2
science,860,2,-0.417622895,0.5,2
science,861,2,-0.13449904325,0.25,2
science,862,2,-0.10252711199999999,0.0,2
science,863,2,-0.7683079866666667,1.0,2
science,864,2,-0.68659278,0.75,2
science,865,2,-0.392736635,0.5,1
science,866,2,-0.3512144779166666,0.625,2
science,867,2,-0.33313896600000004,0.5,2
science,869,2,-0.8216636924999999,1.0,2
science,870,2,0.07824542449999997,0.25,2
science,872,2,-0.432093395,0.25,2
science,873,2,-0.5932598983333334,0.8333333333333333,2
science,874,2,-0.6665922425,1.0,2
science,875,2,-0.7806580750000001,1.0,2
science,876,2,0.13162849833333334,0.25,2
science,877,2,-0.25468386513333335,0.6,2
science,878,2,-0.020362057500000003,0.25,2
science,879,2,0.47372849050000004,0.0,2
science,880,2,-0.2921984085,0.5,2
science,881,2,-0.61590272725,0.75,2
science,882,2,-0.6050214766666666,0.8333333333333333,2
science,883,2,0.235843825,0.0,2
science,884,2,-0.531017568625,0.625,2
science,885,2,-0.575219335,0.5,2
science,887,2,-0.526058385,0.75,2
science,888,2,-0.16517539850000001,0.5,2
science,890,2,0.05501070458333332,0.3333333333333333,2
science,891,2,-0.578425595,0.75,2
science,892,2,-0.64425268425,0.75,2
science,893,2,0.16321446595238098,0.35714285714285715,2
science,895,2,-0.31051624499999997,0.75,2
science,896,2,-0.39145393,0.5,2
science,897,2,-0.60482194,1.0,1
science,898,2,-0.07367869999999999,0.5,2
science,899,2,0.2903298825,0.0,2
science,900,2,-0.29094826,0.25,2
science,901,2,-0.44045607999999997,0.5,1
science,902,2,0.236540311,0.25,2
science,903,2,0.238233115,0.0,2
science,904,2,0.272861451,0.0,1
science,905,2,0.757364495,0.0,2
science,906,2,-0.13665593625,0.25,2
science,907,2,-0.47987570749999997,0.5,2
science,908,2,0.31545132000000004,0.25,2
science,909,2,-0.4176160266666667,0.3333333333333333,2
science,911,2,-0.27484691499999997,0.5,2
science,912,2,0.06217302499999999,0.5,2
science,913,2,-0.28553929,0.5,1
science,914,2,-0.16072831999999998,0.5,2
science,915,2,-0.1164984855,0.0,2
science,916,2,-0.07463587550000006,0.5,2
science,917,2,-0.25834614999999994,0.75,2
science,918,2,0.4068909925,0.0,1
science,919,2,-0.09489351166666665,0.0,2
science,920,2,-0.37420560100000005,0.3333333333333333,2
science,921,2,-0.31286230000000004,0.25,2
science,922,2,0.013690117499999988,0.0,2
science,923,2,-0.5619953966666666,0.6666666666666666,1
science,924,2,0.9601809608333334,0.0,2
science,925,2,-0.28317899999999996,0.3333333333333333,2
science,926,2,0.5586226674999999,0.0,2
science,928,2,0.07832669999999997,0.5,2
science,930,2,-0.08122744,0.0,1
science,931,2,0.21487301999999997,0.5,2
science,932,2,-0.5978352625000001,1.0,2
science,933,2,-0.3577942575,0.25,2
science,934,2,-0.38513395500000003,0.25,2
science,936,2,-0.51255954,0.5,2
science,937,2,-0.75759318,1.0,2
science,938,2,-0.40798233,0.5,1
science,939,2,0.76810786,0.0,2
science,940,2,-0.50278225425,0.75,2
science,941,2,0.15452648424999998,0.0,2
science,943,2,-0.20305404666666665,0.25,2
science,945,2,-0.761168415,1.0,2
science,946,2,-0.5995695175,1.0,2
science,947,2,-0.7972582766666667,1.0,2
science,948,2,-0.4475483025,0.75,2
science,949,2,-0.4821370775,0.5,2
science,950,2,0.30544070850000005,0.3,2
science,951,2,-0.3338531635,0.5,2
science,952,2,-0.6494305541666667,0.8333333333333333,2
science,953,2,-0.36243415,0.3333333333333333,2
science,954,2,-0.133284481,0.16666666666666666,2
science,955,2,-0.556149054,0.75,2
science,956,2,-0.08077147475,0.0,2
science,957,2,-0.2903872975,0.25,2
science,958,2,-0.06637277250000001,0.5,2
science,959,2,-0.5428174,0.6666666666666666,1
science,960,2,-0.08801643242857145,0.2857142857142857,2
science,961,2,-0.9048115999999999,1.0,1
science,962,2,0.20742719824999997,0.25,2
science,963,2,-0.1342024385,0.0,2
science,964,2,-0.537308565,0.75,2
science,965,2,0.11822037250000002,0.25,2
science,966,2,-0.3994272920333333,0.25,2
science,967,2,-0.3626998390000001,0.5,2
science,968,2,-0.38437707,0.625,2
science,969,2,-0.1982781445,0.25,2
science,970,2,-0.33597655258333337,0.3333333333333333,2
science,971,2,0.08470290258333332,0.16666666666666666,2
science,972,2,-0.5431195289999999,0.8,2
science,973,2,0.277403729,0.25,2
science,974,2,-0.7457335625,1.0,2
science,975,2,-0.105863797175,0.0,2
science,976,2,-0.726379098,0.8,2
science,977,2,-0.4621299475,0.25,2
science,978,2,-0.20661621349999998,0.0,2
science,979,2,-0.40782031999999996,0.25,2
science,980,2,-0.64474051125,0.75,2
science,981,2,0.93789204,0.0,2
science,982,2,-0.2764463553,0.4,2
science,983,2,-0.24748604999999999,0.25,2
science,984,2,0.34024689383333334,0.16666666666666666,2
science,985,2,0.40390578374999997,0.0,2
science,986,2,-0.043011356517500016,0.25,2
science,987,2,-0.3801363225,0.5,2
science,988,2,-0.451208451125,0.75,2
science,989,2,-0.27921103999999997,0.16666666666666666,2
science,990,2,-0.05055966550000002,0.25,2
science,991,2,-0.15119380500000001,0.0,2
science,992,2,-0.63982388125,1.0,2
science,993,2,0.3826387375,0.25,2
science,994,2,-0.270324640625,0.5,2
science,995,2,-0.40807338833333334,0.5,2
science,996,2,-0.38039667,0.75,2
science,998,2,-0.30482073333333337,0.41666666666666663,2
science,999,2,0.045838051399999996,0.0,2
science,1000,2,-0.193263295,0.5,2
science,1001,2,-0.68779115,1.0,2
science,1002,2,-0.292949285,0.25,2
science,1003,2,-0.58244989,0.75,2
science,1004,2,-0.053713386540000005,0.0,2
science,1005,2,-0.553813735,0.5,2
science,1006,2,-0.3674973975,0.16666666666666666,2
science,1007,2,-0.569653345,1.0,2
science,1008,2,0.4229364725,0.0,2
science,1009,2,0.10342941750000001,0.5,2
science,1010,2,-0.7162167500000001,1.0,2
science,1011,2,-0.582416439625,0.75,2
science,1012,2,-0.11046218499999999,0.65,2
science,1013,2,-0.4812246033333333,1.0,2
science,1014,2,-0.7654694525000001,1.0,2
science,1015,2,-0.291269165,0.25,2
science,1017,2,0.39842410125,0.0,2
science,1018,2,0.701295,0.0,2
science,1019,2,-0.4721957625,0.75,2
science,1020,2,-0.185820051875,0.5,2
science,1021,2,-0.49924866333333334,0.8333333333333333,2
science,1022,2,0.15949873999999997,0.5,2
science,1023,2,-0.4246361433333333,0.16666666666666666,2
science,1024,2,-0.578305525,0.75,2
science,1025,2,-0.48992787250000003,0.5,2
science,1026,2,-0.25458374833333336,0.16666666666666666,2
science,1027,2,-0.92576744,1.0,2
science,1028,2,-0.7310337325,0.75,2
science,1029,2,0.14551791833333333,0.16666666666666666,2
science,1030,2,0.22571465916666666,0.16666666666666666,2
science,1031,2,-0.49326465812500003,0.5,2
science,1032,2,-0.4382017025,0.5,2
science,1033,2,-0.3689941541666667,0.6666666666666666,2
science,1034,2,-0.6991945675,0.75,2
science,1035,2,0.11549864749999994,0.5,2
science,1036,2,-0.04875510999999999,0.5,2
science,1037,2,-0.2726116456666666,0.3333333333333333,2
science,1038,2,0.3332542766666666,0.16666666666666666,2
science,1039,2,-0.04562720375000001,0.25,2
science,1040,2,0.005051985499999988,0.0,2
science,1041,2,-0.641888385,0.8333333333333333,2
science,1042,2,-0.24526137374999996,0.375,2
science,1043,2,-0.642280331,0.8333333333333333,2
science,1044,2,-0.33883946325,0.625,2
science,1045,2,-0.714402825,0.75,2
